attack,sample,flipped,conf_delta
Homoglyph Swap,0,1,-0.485944926738739
Homoglyph Swap,1,0,-0.031154632568359375
Homoglyph Swap,2,1,-0.22407907247543335
Homoglyph Swap,3,1,0.3513680100440979
Homoglyph Swap,4,1,0.10813438892364502
Homoglyph Swap,5,1,-0.15029847621917725
Homoglyph Swap,6,1,0.028814852237701416
Homoglyph Swap,7,0,-0.05754035711288452
Homoglyph Swap,8,1,0.08094286918640137
Homoglyph Swap,9,1,0.34389591217041016
Homoglyph Swap,10,1,0.30323296785354614
Homoglyph Swap,11,0,-0.0696413516998291
Homoglyph Swap,12,0,0.3787466883659363
Homoglyph Swap,13,0,0.14331406354904175
Homoglyph Swap,14,0,0.44672006368637085
Homoglyph Swap,15,0,-0.05332750082015991
Homoglyph Swap,16,0,-0.021497726440429688
Homoglyph Swap,17,0,-0.30636197328567505
Homoglyph Swap,18,0,0.23870623111724854
Homoglyph Swap,19,0,0.021347641944885254
Homoglyph Swap,20,0,-0.013740599155426025
Homoglyph Swap,21,1,-0.015139341354370117
Homoglyph Swap,22,0,0.25639522075653076
Homoglyph Swap,23,0,-0.1678043007850647
Homoglyph Swap,24,0,-0.04234647750854492
Homoglyph Swap,25,1,-0.3805927038192749
Homoglyph Swap,26,1,0.0586780309677124
Homoglyph Swap,27,1,0.4657135605812073
Homoglyph Swap,28,0,0.02351599931716919
Homoglyph Swap,29,1,0.28824543952941895
Homoglyph Swap,30,0,0.020882785320281982
Homoglyph Swap,31,0,-0.28559499979019165
Homoglyph Swap,32,0,-0.2323426604270935
Homoglyph Swap,33,0,0.007626175880432129
Homoglyph Swap,34,1,0.24526923894882202
Homoglyph Swap,35,1,-0.047526538372039795
Homoglyph Swap,36,1,-0.014796555042266846
Homoglyph Swap,37,0,-0.2650677561759949
Homoglyph Swap,38,1,0.2590963840484619
Homoglyph Swap,39,0,-0.289884090423584
Homoglyph Swap,40,1,0.2160298228263855
Homoglyph Swap,41,1,0.3837200999259949
Homoglyph Swap,42,1,0.10695898532867432
Homoglyph Swap,43,1,-0.007407128810882568
Homoglyph Swap,44,0,-0.09020578861236572
Homoglyph Swap,45,0,0.1018708348274231
Homoglyph Swap,46,1,-0.39977121353149414
Homoglyph Swap,47,0,-0.0329473614692688
Homoglyph Swap,48,1,0.34169596433639526
Homoglyph Swap,49,0,0.0019440054893493652
Homoglyph Swap,50,1,-0.46377015113830566
Homoglyph Swap,51,0,-0.3491438627243042
Homoglyph Swap,52,0,-0.020530521869659424
Homoglyph Swap,53,0,0.057742953300476074
Homoglyph Swap,54,1,-0.09597766399383545
Homoglyph Swap,55,1,-0.02519160509109497
Homoglyph Swap,56,1,0.2808232307434082
Homoglyph Swap,57,0,0.06942170858383179
Homoglyph Swap,58,1,0.06455761194229126
Homoglyph Swap,59,0,-7.581710815429688e-05
Homoglyph Swap,60,0,-0.04709416627883911
Homoglyph Swap,61,1,-0.33152633905410767
Homoglyph Swap,62,0,-0.17213881015777588
Homoglyph Swap,63,0,-0.0032494068145751953
Homoglyph Swap,64,1,-0.0015103816986083984
Homoglyph Swap,65,1,0.16553539037704468
Homoglyph Swap,66,1,-0.11858963966369629
Homoglyph Swap,67,1,-0.47824931144714355
Homoglyph Swap,68,0,0.11876702308654785
Homoglyph Swap,69,0,0.4136929512023926
Homoglyph Swap,70,0,0.0048416852951049805
Homoglyph Swap,71,0,-0.4030908942222595
Homoglyph Swap,72,0,-0.03464853763580322
Homoglyph Swap,73,1,0.15553581714630127
Homoglyph Swap,74,1,0.028076767921447754
Homoglyph Swap,75,0,-0.15668708086013794
Homoglyph Swap,76,1,-0.005084991455078125
Homoglyph Swap,77,0,-0.002399444580078125
Homoglyph Swap,78,0,0.003712475299835205
Homoglyph Swap,79,1,-0.12574666738510132
Homoglyph Swap,80,1,-0.11095070838928223
Homoglyph Swap,81,0,0.10442709922790527
Homoglyph Swap,82,1,-0.2779398560523987
Homoglyph Swap,83,1,-0.1350921392440796
Homoglyph Swap,84,1,0.23707878589630127
Homoglyph Swap,85,1,-0.1661425232887268
Homoglyph Swap,86,0,0.02676290273666382
Homoglyph Swap,87,1,-0.07070350646972656
Homoglyph Swap,88,1,0.263873815536499
Homoglyph Swap,89,1,-0.2091503143310547
Homoglyph Swap,90,0,-0.06207770109176636
Homoglyph Swap,91,0,-0.4552200436592102
Homoglyph Swap,92,0,-0.250049352645874
Homoglyph Swap,93,1,-0.1676027774810791
Homoglyph Swap,94,0,-0.06748056411743164
Homoglyph Swap,95,0,0.19147610664367676
Homoglyph Swap,96,0,-0.14764529466629028
Homoglyph Swap,97,0,0.007321059703826904
Homoglyph Swap,98,1,-0.07998692989349365
Homoglyph Swap,99,1,0.3060653805732727
Homoglyph Swap,100,0,-0.04643148183822632
Homoglyph Swap,101,0,-0.17811501026153564
Homoglyph Swap,102,0,-0.061439335346221924
Homoglyph Swap,103,1,-0.3082689642906189
Homoglyph Swap,104,1,0.07002890110015869
Homoglyph Swap,105,1,-0.15053248405456543
Homoglyph Swap,106,1,-0.2756271958351135
Homoglyph Swap,107,0,-1.0669231414794922e-05
Homoglyph Swap,108,1,0.09170830249786377
Homoglyph Swap,109,1,0.15573370456695557
Homoglyph Swap,110,0,-0.04469144344329834
Homoglyph Swap,111,1,-0.17573755979537964
Homoglyph Swap,112,1,-0.3841826319694519
Homoglyph Swap,113,1,-0.04767775535583496
Homoglyph Swap,114,1,0.22577035427093506
Homoglyph Swap,115,0,-0.47552770376205444
Homoglyph Swap,116,0,0.0005234479904174805
Homoglyph Swap,117,0,-0.10866940021514893
Homoglyph Swap,118,1,-0.032468318939208984
Homoglyph Swap,119,0,-0.009986460208892822
Homoglyph Swap,120,0,-0.15962541103363037
Homoglyph Swap,121,1,0.31415826082229614
Homoglyph Swap,122,1,-0.20731818675994873
Homoglyph Swap,123,0,-0.4468391537666321
Homoglyph Swap,124,0,0.28702497482299805
Homoglyph Swap,125,1,-0.14323550462722778
Homoglyph Swap,126,0,0.22572404146194458
Homoglyph Swap,127,1,0.0158156156539917
Homoglyph Swap,128,0,-0.0038463473320007324
Homoglyph Swap,129,1,0.03768521547317505
Homoglyph Swap,130,0,-0.015170276165008545
Homoglyph Swap,131,0,0.4524773359298706
Homoglyph Swap,132,0,-0.3845829963684082
Homoglyph Swap,133,1,0.04504728317260742
Homoglyph Swap,134,0,0.0063263773918151855
Homoglyph Swap,135,0,-0.002785980701446533
Homoglyph Swap,136,1,-0.021892011165618896
Homoglyph Swap,137,1,-0.15583324432373047
Homoglyph Swap,138,0,0.002939283847808838
Homoglyph Swap,139,0,-0.03395146131515503
Homoglyph Swap,140,0,-0.0005454421043395996
Homoglyph Swap,141,0,0.4738932251930237
Homoglyph Swap,142,0,-0.025813758373260498
Homoglyph Swap,143,0,-0.08366221189498901
Homoglyph Swap,144,0,0.2915741801261902
Homoglyph Swap,145,1,-0.37170279026031494
Homoglyph Swap,146,0,-0.2894258499145508
Homoglyph Swap,147,1,-0.26202094554901123
Homoglyph Swap,148,0,-0.02338266372680664
Homoglyph Swap,149,0,0.05602985620498657
Homoglyph Swap,150,0,0.29345738887786865
Homoglyph Swap,151,0,-0.006801426410675049
Homoglyph Swap,152,1,-0.4234747290611267
Homoglyph Swap,153,0,-0.03665292263031006
Homoglyph Swap,154,0,-0.0027779340744018555
Homoglyph Swap,155,1,-0.12960880994796753
Homoglyph Swap,156,0,-0.42098468542099
Homoglyph Swap,157,1,0.21427106857299805
Homoglyph Swap,158,0,-0.1573859453201294
Homoglyph Swap,159,1,-0.20238786935806274
Homoglyph Swap,160,0,-0.15643972158432007
Homoglyph Swap,161,0,-0.008386850357055664
Homoglyph Swap,162,0,0.3040366768836975
Homoglyph Swap,163,1,-0.00012373924255371094
Homoglyph Swap,164,0,0.0077942609786987305
Homoglyph Swap,165,1,-0.1525135636329651
Homoglyph Swap,166,0,-0.002748727798461914
Homoglyph Swap,167,0,-0.3012433648109436
Homoglyph Swap,168,0,0.02774953842163086
Homoglyph Swap,169,0,-0.2230936884880066
Homoglyph Swap,170,0,-0.1098204255104065
Homoglyph Swap,171,1,-0.3119547367095947
Homoglyph Swap,172,0,-1.3589859008789062e-05
Homoglyph Swap,173,1,0.029106318950653076
Homoglyph Swap,174,0,0.3712332248687744
Homoglyph Swap,175,1,0.1284840703010559
Homoglyph Swap,176,0,-0.4255775809288025
Homoglyph Swap,177,1,0.051220595836639404
Homoglyph Swap,178,0,0.4436625838279724
Homoglyph Swap,179,1,-0.4731990098953247
Homoglyph Swap,180,1,-0.21429187059402466
Homoglyph Swap,181,1,0.27111566066741943
Homoglyph Swap,182,0,-0.05934935808181763
Homoglyph Swap,183,0,0.014501810073852539
Homoglyph Swap,184,1,-0.32155632972717285
Homoglyph Swap,185,1,0.032453060150146484
Homoglyph Swap,186,0,-0.37119632959365845
Homoglyph Swap,187,1,0.42113399505615234
Homoglyph Swap,188,1,0.00879526138305664
Homoglyph Swap,189,0,-0.45938390493392944
Homoglyph Swap,190,1,0.30096709728240967
Homoglyph Swap,191,1,0.39123666286468506
Homoglyph Swap,192,0,0.12258422374725342
Homoglyph Swap,193,1,0.004558384418487549
Homoglyph Swap,194,0,0.3053479790687561
Homoglyph Swap,195,1,-0.2722349762916565
Homoglyph Swap,196,0,-0.0039653778076171875
Homoglyph Swap,197,0,-0.43482357263565063
Homoglyph Swap,198,0,0.19101309776306152
Homoglyph Swap,199,0,-0.13111835718154907
Homoglyph Swap,200,0,-0.4238935708999634
Homoglyph Swap,201,0,0.12765604257583618
Homoglyph Swap,202,0,0.0002409219741821289
Homoglyph Swap,203,1,-0.16056513786315918
Homoglyph Swap,204,1,-0.07374608516693115
Homoglyph Swap,205,0,-0.031945645809173584
Homoglyph Swap,206,1,-0.13812339305877686
Homoglyph Swap,207,1,-0.1907259225845337
Homoglyph Swap,208,1,0.2999873757362366
Homoglyph Swap,209,1,0.008909523487091064
Homoglyph Swap,210,0,-0.022755444049835205
Homoglyph Swap,211,1,0.1302434802055359
Homoglyph Swap,212,0,-0.35689008235931396
Homoglyph Swap,213,0,-0.08384346961975098
Homoglyph Swap,214,1,0.4553443193435669
Homoglyph Swap,215,0,-0.2007797360420227
Homoglyph Swap,216,0,-0.07298421859741211
Homoglyph Swap,217,0,-0.45783549547195435
Homoglyph Swap,218,0,-0.08572971820831299
Homoglyph Swap,219,1,-0.08553546667098999
Homoglyph Swap,220,0,-0.0007675886154174805
Homoglyph Swap,221,0,0.046047985553741455
Homoglyph Swap,222,1,-0.03186231851577759
Homoglyph Swap,223,1,0.07835429906845093
Homoglyph Swap,224,1,0.06781136989593506
Homoglyph Swap,225,0,0.0943906307220459
Homoglyph Swap,226,1,0.4257776141166687
Homoglyph Swap,227,0,-0.00020366907119750977
Homoglyph Swap,228,0,0.01655113697052002
Homoglyph Swap,229,1,0.3045033812522888
Homoglyph Swap,230,1,-0.11414515972137451
Homoglyph Swap,231,0,-0.0011505484580993652
Homoglyph Swap,232,1,-0.22653871774673462
Homoglyph Swap,233,1,-0.17342150211334229
Homoglyph Swap,234,1,-0.10197681188583374
Homoglyph Swap,235,1,-0.050820231437683105
Homoglyph Swap,236,0,0.0077054500579833984
Homoglyph Swap,237,1,-0.0341111421585083
Homoglyph Swap,238,0,-0.2507804036140442
Homoglyph Swap,239,0,0.005617260932922363
Homoglyph Swap,240,1,-0.005222439765930176
Homoglyph Swap,241,1,-0.4470825791358948
Homoglyph Swap,242,0,0.0039250850677490234
Homoglyph Swap,243,1,-0.4048311710357666
Homoglyph Swap,244,1,-0.33926427364349365
Homoglyph Swap,245,1,-0.06203138828277588
Homoglyph Swap,246,0,0.2716158628463745
Homoglyph Swap,247,1,-0.014146983623504639
Homoglyph Swap,248,0,-0.05456185340881348
Homoglyph Swap,249,1,0.09980809688568115
Homoglyph Swap,250,1,-0.19446802139282227
Homoglyph Swap,251,0,-0.02914494276046753
Homoglyph Swap,252,1,-0.3205797076225281
Homoglyph Swap,253,0,0.4504415988922119
Homoglyph Swap,254,0,-0.01354992389678955
Homoglyph Swap,255,0,-0.15445083379745483
Homoglyph Swap,256,0,-0.06461268663406372
Homoglyph Swap,257,0,-0.06435751914978027
Homoglyph Swap,258,0,0.0709194540977478
Homoglyph Swap,259,0,-0.03909122943878174
Homoglyph Swap,260,0,0.024496018886566162
Homoglyph Swap,261,0,-0.08527857065200806
Homoglyph Swap,262,1,0.3170158863067627
Homoglyph Swap,263,0,0.031708598136901855
Homoglyph Swap,264,1,-0.021022439002990723
Homoglyph Swap,265,1,-0.020053982734680176
Homoglyph Swap,266,0,-0.13097751140594482
Homoglyph Swap,267,1,-0.009141087532043457
Homoglyph Swap,268,0,-0.167974054813385
Homoglyph Swap,269,0,-0.015517711639404297
Homoglyph Swap,270,0,0.019582092761993408
Homoglyph Swap,271,1,0.2880256772041321
Homoglyph Swap,272,0,-0.015293300151824951
Homoglyph Swap,273,0,-0.27379584312438965
Homoglyph Swap,274,1,-0.4199269413948059
Homoglyph Swap,275,1,-0.16495633125305176
Homoglyph Swap,276,0,0.046283721923828125
Homoglyph Swap,277,0,-0.24158978462219238
Homoglyph Swap,278,0,0.3071187734603882
Homoglyph Swap,279,1,0.05673283338546753
Homoglyph Swap,280,0,-0.18331289291381836
Homoglyph Swap,281,1,-0.21705681085586548
Homoglyph Swap,282,0,0.4736540913581848
Homoglyph Swap,283,1,-0.3144901990890503
Homoglyph Swap,284,1,-0.25116920471191406
Homoglyph Swap,285,1,-0.005780339241027832
Homoglyph Swap,286,0,-0.15175867080688477
Homoglyph Swap,287,0,-0.032862186431884766
Homoglyph Swap,288,0,-0.0016870498657226562
Homoglyph Swap,289,0,-0.16962271928787231
Homoglyph Swap,290,0,-0.0008421540260314941
Homoglyph Swap,291,1,0.06647056341171265
Homoglyph Swap,292,1,-0.21840238571166992
Homoglyph Swap,293,1,-0.20496559143066406
Homoglyph Swap,294,1,0.046106159687042236
Homoglyph Swap,295,0,-0.4155638813972473
Homoglyph Swap,296,1,0.009894907474517822
Homoglyph Swap,297,0,-0.12070691585540771
Homoglyph Swap,298,0,-0.27241504192352295
Homoglyph Swap,299,1,0.26381778717041016
Homoglyph Swap,300,0,0.0014595985412597656
Homoglyph Swap,301,1,-0.22279852628707886
Homoglyph Swap,302,1,-0.10960787534713745
Homoglyph Swap,303,0,0.2973037362098694
Homoglyph Swap,304,1,0.11505991220474243
Homoglyph Swap,305,1,-0.4310247302055359
Homoglyph Swap,306,0,-0.07525449991226196
Homoglyph Swap,307,0,-0.41614508628845215
Homoglyph Swap,308,1,-0.40434467792510986
Homoglyph Swap,309,0,0.03742575645446777
Homoglyph Swap,310,1,0.04089462757110596
Homoglyph Swap,311,1,-0.4191508889198303
Homoglyph Swap,312,1,-0.09845554828643799
Homoglyph Swap,313,0,0.03937321901321411
Homoglyph Swap,314,0,-0.026295900344848633
Homoglyph Swap,315,0,-0.24061840772628784
Homoglyph Swap,316,1,0.010401010513305664
Homoglyph Swap,317,0,0.0006865859031677246
Homoglyph Swap,318,1,0.16082561016082764
Homoglyph Swap,319,1,-0.10638010501861572
Homoglyph Swap,320,1,0.09587109088897705
Homoglyph Swap,321,0,0.26545053720474243
Homoglyph Swap,322,0,-0.20199275016784668
Homoglyph Swap,323,1,0.4334542751312256
Homoglyph Swap,324,1,-0.09852147102355957
Homoglyph Swap,325,0,-0.06834310293197632
Homoglyph Swap,326,1,-0.06585365533828735
Homoglyph Swap,327,0,-0.010258138179779053
Homoglyph Swap,328,1,0.23431825637817383
Homoglyph Swap,329,1,0.015580296516418457
Homoglyph Swap,330,0,-0.4216897487640381
Homoglyph Swap,331,1,-0.05295687913894653
Homoglyph Swap,332,1,0.16838908195495605
Homoglyph Swap,333,0,-0.4348536729812622
Homoglyph Swap,334,0,-0.15523862838745117
Homoglyph Swap,335,1,0.259019672870636
Homoglyph Swap,336,0,0.005830049514770508
Homoglyph Swap,337,0,-0.055921077728271484
Homoglyph Swap,338,0,-0.025589406490325928
Homoglyph Swap,339,0,-0.34120529890060425
Homoglyph Swap,340,0,-0.23476237058639526
Homoglyph Swap,341,1,-0.3473137617111206
Homoglyph Swap,342,0,-0.32086920738220215
Homoglyph Swap,343,1,0.05724930763244629
Homoglyph Swap,344,1,-0.3819419741630554
Homoglyph Swap,345,0,-0.2568691372871399
Homoglyph Swap,346,1,0.08854115009307861
Homoglyph Swap,347,0,-0.038274526596069336
Homoglyph Swap,348,0,-0.3150309920310974
Homoglyph Swap,349,0,0.40533363819122314
Homoglyph Swap,350,0,-0.21286535263061523
Homoglyph Swap,351,0,-5.823373794555664e-05
Homoglyph Swap,352,1,-0.43273377418518066
Homoglyph Swap,353,0,0.14139693975448608
Homoglyph Swap,354,1,-0.44913768768310547
Homoglyph Swap,355,1,0.2714881896972656
Homoglyph Swap,356,1,0.07029533386230469
Homoglyph Swap,357,1,0.4183903932571411
Homoglyph Swap,358,0,-0.027159512042999268
Homoglyph Swap,359,1,0.24651789665222168
Homoglyph Swap,360,0,-0.09943258762359619
Homoglyph Swap,361,1,-0.29224061965942383
Homoglyph Swap,362,0,-0.050537168979644775
Homoglyph Swap,363,1,-0.10183501243591309
Homoglyph Swap,364,1,0.3721446394920349
Homoglyph Swap,365,1,0.046991169452667236
Homoglyph Swap,366,1,0.4279913306236267
Homoglyph Swap,367,1,-0.08906012773513794
Homoglyph Swap,368,0,0.07510131597518921
Homoglyph Swap,369,1,0.05491673946380615
Homoglyph Swap,370,1,-0.13143742084503174
Homoglyph Swap,371,0,0.2499597668647766
Homoglyph Swap,372,0,0.1577661633491516
Homoglyph Swap,373,1,-0.03774094581604004
Homoglyph Swap,374,1,-0.023334145545959473
Homoglyph Swap,375,1,0.2249852418899536
Homoglyph Swap,376,0,0.36139094829559326
Homoglyph Swap,377,1,-0.18904995918273926
Homoglyph Swap,378,1,-0.018812477588653564
Homoglyph Swap,379,1,0.25868237018585205
Homoglyph Swap,380,1,-0.336864709854126
Homoglyph Swap,381,0,0.0029897093772888184
Homoglyph Swap,382,1,0.09824293851852417
Homoglyph Swap,383,0,0.006548166275024414
Homoglyph Swap,384,1,0.009443521499633789
Homoglyph Swap,385,1,-0.47020041942596436
Homoglyph Swap,386,0,-0.02771151065826416
Homoglyph Swap,387,0,0.0014386773109436035
Homoglyph Swap,388,0,-0.1973717212677002
Homoglyph Swap,389,1,-0.024193763732910156
Homoglyph Swap,390,1,-0.39343321323394775
Homoglyph Swap,391,0,-0.2655649185180664
Homoglyph Swap,392,1,-0.11775237321853638
Homoglyph Swap,393,1,0.10965532064437866
Homoglyph Swap,394,0,0.25207358598709106
Homoglyph Swap,395,0,0.07210075855255127
Homoglyph Swap,396,0,-0.20370423793792725
Homoglyph Swap,397,1,-0.22630822658538818
Homoglyph Swap,398,0,-0.40662020444869995
Homoglyph Swap,399,1,-0.05294686555862427
Homoglyph Swap,400,1,0.05473405122756958
Homoglyph Swap,401,1,0.023098409175872803
Homoglyph Swap,402,1,-0.08348047733306885
Homoglyph Swap,403,0,-0.16367638111114502
Homoglyph Swap,404,0,-0.2748144268989563
Homoglyph Swap,405,0,-0.006193220615386963
Homoglyph Swap,406,1,-0.28037500381469727
Homoglyph Swap,407,1,0.04457372426986694
Homoglyph Swap,408,1,0.27904248237609863
Homoglyph Swap,409,0,-0.06381642818450928
Homoglyph Swap,410,0,-0.16342675685882568
Homoglyph Swap,411,0,-0.08006417751312256
Homoglyph Swap,412,0,-0.10586071014404297
Homoglyph Swap,413,0,-0.13184887170791626
Homoglyph Swap,414,1,0.4528868794441223
Homoglyph Swap,415,0,-0.3426051735877991
Homoglyph Swap,416,1,-0.23950839042663574
Homoglyph Swap,417,1,-0.23875612020492554
Homoglyph Swap,418,0,-0.008105933666229248
Homoglyph Swap,419,1,0.3975767493247986
Homoglyph Swap,420,1,-0.2280339002609253
Homoglyph Swap,421,1,-0.4371423125267029
Homoglyph Swap,422,1,-0.14872223138809204
Homoglyph Swap,423,1,0.052750587463378906
Homoglyph Swap,424,1,-0.009624779224395752
Homoglyph Swap,425,0,-0.2691833972930908
Homoglyph Swap,426,0,-0.4496471881866455
Homoglyph Swap,427,1,-0.002460956573486328
Homoglyph Swap,428,0,0.05654573440551758
Homoglyph Swap,429,0,-0.4511023163795471
Homoglyph Swap,430,0,0.0866624116897583
Homoglyph Swap,431,0,0.07897531986236572
Homoglyph Swap,432,0,0.014745593070983887
Homoglyph Swap,433,1,-0.3430975675582886
Homoglyph Swap,434,0,0.02659618854522705
Homoglyph Swap,435,0,-0.10493022203445435
Homoglyph Swap,436,0,-0.253237783908844
Homoglyph Swap,437,0,-0.01867884397506714
Homoglyph Swap,438,0,0.0024890899658203125
Homoglyph Swap,439,0,0.3867257833480835
Homoglyph Swap,440,1,0.17810511589050293
Homoglyph Swap,441,1,0.06572139263153076
Homoglyph Swap,442,1,-0.19176727533340454
Homoglyph Swap,443,0,-0.16777557134628296
Homoglyph Swap,444,1,0.45332103967666626
Homoglyph Swap,445,1,-0.014229655265808105
Homoglyph Swap,446,0,-0.04492378234863281
Homoglyph Swap,447,0,-0.05334120988845825
Homoglyph Swap,448,1,0.02974647283554077
Homoglyph Swap,449,1,-0.1366124153137207
Homoglyph Swap,450,0,-0.015170872211456299
Homoglyph Swap,451,1,0.0315781831741333
Homoglyph Swap,452,1,0.10508733987808228
Homoglyph Swap,453,1,0.10199177265167236
Homoglyph Swap,454,1,-0.43249255418777466
Homoglyph Swap,455,1,-0.0031648874282836914
Homoglyph Swap,456,1,0.20422250032424927
Homoglyph Swap,457,0,-0.00638347864151001
Homoglyph Swap,458,1,0.07871180772781372
Homoglyph Swap,459,0,-0.013759195804595947
Homoglyph Swap,460,1,-0.018528759479522705
Homoglyph Swap,461,0,0.10113680362701416
Homoglyph Swap,462,1,-0.06326097249984741
Homoglyph Swap,463,1,-0.03200322389602661
Homoglyph Swap,464,0,0.0010848045349121094
Homoglyph Swap,465,0,-0.09541463851928711
Homoglyph Swap,466,0,-0.04308032989501953
Homoglyph Swap,467,0,0.14224773645401
Homoglyph Swap,468,1,-0.2691960334777832
Homoglyph Swap,469,1,-0.02734541893005371
Homoglyph Swap,470,1,0.08989369869232178
Homoglyph Swap,471,1,-0.37482893466949463
Homoglyph Swap,472,1,-0.09454917907714844
Homoglyph Swap,473,0,0.007867097854614258
Homoglyph Swap,474,1,0.1212581992149353
Homoglyph Swap,475,0,-0.425947904586792
Homoglyph Swap,476,1,0.06736612319946289
Homoglyph Swap,477,1,-0.08563953638076782
Homoglyph Swap,478,0,0.2874354124069214
Homoglyph Swap,479,1,0.22860145568847656
Homoglyph Swap,480,0,0.10930454730987549
Homoglyph Swap,481,0,-0.4138360023498535
Homoglyph Swap,482,1,-0.030906856060028076
Homoglyph Swap,483,1,-0.36006563901901245
Homoglyph Swap,484,1,-0.2470928430557251
Homoglyph Swap,485,1,0.015352725982666016
Homoglyph Swap,486,1,0.04089254140853882
Homoglyph Swap,487,1,-0.38882941007614136
Homoglyph Swap,488,1,0.4422670602798462
Homoglyph Swap,489,1,0.10314249992370605
Homoglyph Swap,490,1,-0.09363782405853271
Homoglyph Swap,491,1,-0.15459132194519043
Homoglyph Swap,492,0,-0.0018900036811828613
Homoglyph Swap,493,0,0.26145994663238525
Homoglyph Swap,494,0,0.010437309741973877
Homoglyph Swap,495,0,0.13877850770950317
Homoglyph Swap,496,0,-0.37535369396209717
Homoglyph Swap,497,0,-0.001096487045288086
Homoglyph Swap,498,1,0.23755311965942383
Homoglyph Swap,499,1,0.054461002349853516
Homoglyph Swap,500,1,0.011945605278015137
Homoglyph Swap,501,1,-0.18579548597335815
Homoglyph Swap,502,0,-0.28156304359436035
Homoglyph Swap,503,1,0.24306762218475342
Homoglyph Swap,504,0,-0.04520314931869507
Homoglyph Swap,505,0,-0.21549373865127563
Homoglyph Swap,506,0,0.0961998701095581
Homoglyph Swap,507,0,0.30955398082733154
Homoglyph Swap,508,1,-0.12654376029968262
Homoglyph Swap,509,1,-0.15499740839004517
Homoglyph Swap,510,0,-0.32197415828704834
Homoglyph Swap,511,0,-0.060194194316864014
Homoglyph Swap,512,1,-0.009402096271514893
Homoglyph Swap,513,1,-0.06215536594390869
Homoglyph Swap,514,0,-0.001543283462524414
Homoglyph Swap,515,0,0.0013289451599121094
Homoglyph Swap,516,0,-0.2710891366004944
Homoglyph Swap,517,1,0.04365348815917969
Homoglyph Swap,518,1,-0.05379140377044678
Homoglyph Swap,519,0,-0.09605610370635986
Homoglyph Swap,520,0,0.058351218700408936
Homoglyph Swap,521,1,0.1033773422241211
Homoglyph Swap,522,0,-0.08782893419265747
Homoglyph Swap,523,0,-0.04693305492401123
Homoglyph Swap,524,0,0.43471890687942505
Homoglyph Swap,525,0,-0.14969408512115479
Homoglyph Swap,526,1,-0.20498061180114746
Homoglyph Swap,527,1,-0.12117952108383179
Homoglyph Swap,528,1,-0.003859877586364746
Homoglyph Swap,529,0,0.4554879665374756
Homoglyph Swap,530,1,0.08545923233032227
Homoglyph Swap,531,0,0.3720437288284302
Homoglyph Swap,532,1,0.10832208395004272
Homoglyph Swap,533,0,0.006341159343719482
Homoglyph Swap,534,0,-0.4402483105659485
Homoglyph Swap,535,1,-0.10265880823135376
Homoglyph Swap,536,1,0.03349876403808594
Homoglyph Swap,537,1,-0.06534242630004883
Homoglyph Swap,538,0,-0.07395637035369873
Homoglyph Swap,539,1,0.19676560163497925
Homoglyph Swap,540,0,-0.007647275924682617
Homoglyph Swap,541,1,-0.1298794150352478
Homoglyph Swap,542,1,-0.3863139748573303
Homoglyph Swap,543,0,0.028563082218170166
Homoglyph Swap,544,1,0.19393390417099
Homoglyph Swap,545,1,-0.29688572883605957
Homoglyph Swap,546,0,-0.1253466010093689
Homoglyph Swap,547,0,0.00029391050338745117
Homoglyph Swap,548,1,0.12790143489837646
Homoglyph Swap,549,0,0.020804405212402344
Homoglyph Swap,550,1,0.03244650363922119
Homoglyph Swap,551,0,-0.14080089330673218
Homoglyph Swap,552,1,-0.040072858333587646
Homoglyph Swap,553,1,0.1548418402671814
Homoglyph Swap,554,0,0.0067247748374938965
Homoglyph Swap,555,0,0.22912222146987915
Homoglyph Swap,556,0,0.15148526430130005
Homoglyph Swap,557,0,-0.2888737916946411
Homoglyph Swap,558,1,-0.3318796157836914
Homoglyph Swap,559,0,-0.07912343740463257
Homoglyph Swap,560,0,-0.16967296600341797
Homoglyph Swap,561,1,-0.27996307611465454
Homoglyph Swap,562,0,-0.33875608444213867
Homoglyph Swap,563,1,-0.006507575511932373
Homoglyph Swap,564,1,-0.3801230192184448
Homoglyph Swap,565,0,-0.005868434906005859
Homoglyph Swap,566,1,0.2669675350189209
Homoglyph Swap,567,1,0.11270415782928467
Homoglyph Swap,568,0,-0.3067927956581116
Homoglyph Swap,569,1,-0.02397620677947998
Homoglyph Swap,570,0,0.022227764129638672
Homoglyph Swap,571,1,-0.14232438802719116
Homoglyph Swap,572,1,0.31006085872650146
Homoglyph Swap,573,1,-0.3927973508834839
Homoglyph Swap,574,1,-0.1932981014251709
Homoglyph Swap,575,0,-0.47734516859054565
Homoglyph Swap,576,0,-0.15751373767852783
Homoglyph Swap,577,1,0.2703588604927063
Homoglyph Swap,578,1,0.22952765226364136
Homoglyph Swap,579,0,0.028081417083740234
Homoglyph Swap,580,1,-0.16471004486083984
Homoglyph Swap,581,1,0.17221468687057495
Homoglyph Swap,582,0,-0.002850949764251709
Homoglyph Swap,583,1,-0.23996394872665405
Homoglyph Swap,584,1,-0.025760114192962646
Homoglyph Swap,585,0,0.22524553537368774
Homoglyph Swap,586,1,-0.331170916557312
Homoglyph Swap,587,1,-0.05266159772872925
Homoglyph Swap,588,0,-0.3079707622528076
Homoglyph Swap,589,0,-0.15868622064590454
Homoglyph Swap,590,1,-0.44429463148117065
Homoglyph Swap,591,1,-0.26131540536880493
Homoglyph Swap,592,1,-0.28724056482315063
Homoglyph Swap,593,1,0.4463672637939453
Homoglyph Swap,594,0,-0.2672284245491028
Homoglyph Swap,595,0,-0.11105787754058838
Homoglyph Swap,596,1,0.18949031829833984
Homoglyph Swap,597,0,0.26897919178009033
Homoglyph Swap,598,0,-0.21855348348617554
Homoglyph Swap,599,0,9.709596633911133e-05
Diacritic Inject,0,0,0.0
Diacritic Inject,1,0,0.0
Diacritic Inject,2,0,0.0
Diacritic Inject,3,0,1.7881393432617188e-07
Diacritic Inject,4,0,0.0
Diacritic Inject,5,0,-5.960464477539063e-08
Diacritic Inject,6,0,-5.960464477539063e-08
Diacritic Inject,7,0,0.0
Diacritic Inject,8,0,-2.980232238769531e-07
Diacritic Inject,9,0,0.0
Diacritic Inject,10,0,1.1920928955078125e-07
Diacritic Inject,11,0,0.0
Diacritic Inject,12,0,-4.172325134277344e-07
Diacritic Inject,13,0,1.7881393432617188e-07
Diacritic Inject,14,0,-1.7881393432617188e-07
Diacritic Inject,15,0,0.0
Diacritic Inject,16,0,0.0
Diacritic Inject,17,0,-5.960464477539063e-08
Diacritic Inject,18,0,-5.960464477539063e-08
Diacritic Inject,19,0,0.0
Diacritic Inject,20,0,0.0
Diacritic Inject,21,0,0.0
Diacritic Inject,22,0,-3.5762786865234375e-07
Diacritic Inject,23,0,0.0
Diacritic Inject,24,0,0.0
Diacritic Inject,25,0,0.0
Diacritic Inject,26,0,0.0
Diacritic Inject,27,0,-1.7881393432617188e-07
Diacritic Inject,28,0,0.0
Diacritic Inject,29,0,5.960464477539063e-08
Diacritic Inject,30,0,0.0
Diacritic Inject,31,0,0.0
Diacritic Inject,32,0,0.0
Diacritic Inject,33,0,0.0
Diacritic Inject,34,0,2.384185791015625e-07
Diacritic Inject,35,0,0.0
Diacritic Inject,36,0,0.0
Diacritic Inject,37,0,-1.1920928955078125e-07
Diacritic Inject,38,0,-2.384185791015625e-07
Diacritic Inject,39,0,0.0
Diacritic Inject,40,0,-5.960464477539063e-08
Diacritic Inject,41,0,5.960464477539063e-08
Diacritic Inject,42,0,2.384185791015625e-07
Diacritic Inject,43,0,0.0
Diacritic Inject,44,0,0.0
Diacritic Inject,45,0,-2.980232238769531e-07
Diacritic Inject,46,0,0.0
Diacritic Inject,47,0,0.0
Diacritic Inject,48,0,-9.5367431640625e-07
Diacritic Inject,49,0,0.0
Diacritic Inject,50,0,0.0
Diacritic Inject,51,0,0.0
Diacritic Inject,52,0,0.0
Diacritic Inject,53,0,0.0
Diacritic Inject,54,0,0.0
Diacritic Inject,55,0,0.0
Diacritic Inject,56,0,-5.960464477539063e-08
Diacritic Inject,57,0,-5.960464477539063e-08
Diacritic Inject,58,0,1.1920928955078125e-07
Diacritic Inject,59,0,0.0
Diacritic Inject,60,0,0.0
Diacritic Inject,61,0,1.1920928955078125e-07
Diacritic Inject,62,0,0.0
Diacritic Inject,63,0,0.0
Diacritic Inject,64,0,0.0
Diacritic Inject,65,0,-5.960464477539063e-08
Diacritic Inject,66,0,1.7881393432617188e-07
Diacritic Inject,67,0,0.0
Diacritic Inject,68,0,1.1920928955078125e-07
Diacritic Inject,69,0,1.1920928955078125e-07
Diacritic Inject,70,0,0.0
Diacritic Inject,71,0,0.0
Diacritic Inject,72,0,0.0
Diacritic Inject,73,0,1.1920928955078125e-07
Diacritic Inject,74,0,0.0
Diacritic Inject,75,0,0.0
Diacritic Inject,76,0,0.0
Diacritic Inject,77,0,0.0
Diacritic Inject,78,0,0.0
Diacritic Inject,79,0,5.960464477539063e-08
Diacritic Inject,80,0,-1.1920928955078125e-07
Diacritic Inject,81,0,0.0
Diacritic Inject,82,0,0.0
Diacritic Inject,83,0,0.0
Diacritic Inject,84,0,-5.960464477539063e-08
Diacritic Inject,85,0,0.0
Diacritic Inject,86,0,0.0
Diacritic Inject,87,0,0.0
Diacritic Inject,88,0,-4.172325134277344e-07
Diacritic Inject,89,0,0.0
Diacritic Inject,90,0,0.0
Diacritic Inject,91,0,0.0
Diacritic Inject,92,0,0.0
Diacritic Inject,93,0,1.1920928955078125e-07
Diacritic Inject,94,0,0.0
Diacritic Inject,95,0,3.5762786865234375e-07
Diacritic Inject,96,0,0.0
Diacritic Inject,97,0,0.0
Diacritic Inject,98,0,1.7881393432617188e-07
Diacritic Inject,99,0,2.980232238769531e-07
Diacritic Inject,100,0,0.0
Diacritic Inject,101,0,0.0
Diacritic Inject,102,0,0.0
Diacritic Inject,103,0,0.0
Diacritic Inject,104,0,5.960464477539063e-08
Diacritic Inject,105,0,0.0
Diacritic Inject,106,0,0.0
Diacritic Inject,107,0,0.0
Diacritic Inject,108,0,7.748603820800781e-07
Diacritic Inject,109,0,-2.980232238769531e-07
Diacritic Inject,110,0,0.0
Diacritic Inject,111,0,0.0
Diacritic Inject,112,0,-1.1920928955078125e-07
Diacritic Inject,113,0,-1.1920928955078125e-07
Diacritic Inject,114,0,-5.960464477539063e-08
Diacritic Inject,115,0,0.0
Diacritic Inject,116,0,0.0
Diacritic Inject,117,0,0.0
Diacritic Inject,118,0,0.0
Diacritic Inject,119,0,0.0
Diacritic Inject,120,0,5.960464477539063e-08
Diacritic Inject,121,0,-1.1920928955078125e-07
Diacritic Inject,122,0,0.0
Diacritic Inject,123,0,0.0
Diacritic Inject,124,0,5.960464477539062e-07
Diacritic Inject,125,0,5.960464477539063e-08
Diacritic Inject,126,0,-1.1920928955078125e-07
Diacritic Inject,127,0,3.5762786865234375e-07
Diacritic Inject,128,0,0.0
Diacritic Inject,129,0,1.7881393432617188e-07
Diacritic Inject,130,0,0.0
Diacritic Inject,131,0,1.1920928955078125e-07
Diacritic Inject,132,0,0.0
Diacritic Inject,133,0,1.1920928955078125e-07
Diacritic Inject,134,0,0.0
Diacritic Inject,135,0,0.0
Diacritic Inject,136,0,0.0
Diacritic Inject,137,0,0.0
Diacritic Inject,138,0,0.0
Diacritic Inject,139,0,0.0
Diacritic Inject,140,0,0.0
Diacritic Inject,141,0,-6.556510925292969e-07
Diacritic Inject,142,0,0.0
Diacritic Inject,143,0,0.0
Diacritic Inject,144,0,-1.7881393432617188e-07
Diacritic Inject,145,0,0.0
Diacritic Inject,146,0,0.0
Diacritic Inject,147,0,0.0
Diacritic Inject,148,0,0.0
Diacritic Inject,149,0,0.0
Diacritic Inject,150,0,-5.960464477539063e-08
Diacritic Inject,151,0,0.0
Diacritic Inject,152,0,-1.1920928955078125e-07
Diacritic Inject,153,0,0.0
Diacritic Inject,154,0,0.0
Diacritic Inject,155,0,0.0
Diacritic Inject,156,0,-1.1920928955078125e-07
Diacritic Inject,157,0,8.940696716308594e-07
Diacritic Inject,158,0,0.0
Diacritic Inject,159,0,0.0
Diacritic Inject,160,0,0.0
Diacritic Inject,161,0,0.0
Diacritic Inject,162,0,-5.960464477539062e-07
Diacritic Inject,163,0,1.0132789611816406e-06
Diacritic Inject,164,0,0.0
Diacritic Inject,165,0,0.0
Diacritic Inject,166,0,0.0
Diacritic Inject,167,0,0.0
Diacritic Inject,168,0,0.0
Diacritic Inject,169,0,0.0
Diacritic Inject,170,0,0.0
Diacritic Inject,171,0,0.0
Diacritic Inject,172,0,0.0
Diacritic Inject,173,0,1.1920928955078125e-07
Diacritic Inject,174,0,-1.1920928955078125e-07
Diacritic Inject,175,0,-1.1920928955078125e-07
Diacritic Inject,176,0,0.0
Diacritic Inject,177,0,1.1920928955078125e-07
Diacritic Inject,178,0,1.1920928955078125e-06
Diacritic Inject,179,0,0.0
Diacritic Inject,180,0,0.0
Diacritic Inject,181,0,1.7881393432617188e-07
Diacritic Inject,182,0,0.0
Diacritic Inject,183,0,0.0
Diacritic Inject,184,0,0.0
Diacritic Inject,185,0,-1.1920928955078125e-07
Diacritic Inject,186,0,0.0
Diacritic Inject,187,0,7.748603820800781e-07
Diacritic Inject,188,0,-3.5762786865234375e-07
Diacritic Inject,189,0,1.1920928955078125e-07
Diacritic Inject,190,0,5.364418029785156e-07
Diacritic Inject,191,0,4.76837158203125e-07
Diacritic Inject,192,0,-1.7881393432617188e-07
Diacritic Inject,193,0,0.0
Diacritic Inject,194,0,-2.6226043701171875e-06
Diacritic Inject,195,0,5.960464477539063e-08
Diacritic Inject,196,0,0.0
Diacritic Inject,197,0,0.0
Diacritic Inject,198,0,-2.384185791015625e-07
Diacritic Inject,199,0,0.0
Diacritic Inject,200,0,0.0
Diacritic Inject,201,0,-5.960464477539063e-08
Diacritic Inject,202,0,0.0
Diacritic Inject,203,0,-5.960464477539063e-08
Diacritic Inject,204,0,0.0
Diacritic Inject,205,0,0.0
Diacritic Inject,206,0,0.0
Diacritic Inject,207,0,0.0
Diacritic Inject,208,0,-2.384185791015625e-07
Diacritic Inject,209,0,1.1920928955078125e-07
Diacritic Inject,210,0,0.0
Diacritic Inject,211,0,1.7881393432617188e-07
Diacritic Inject,212,0,0.0
Diacritic Inject,213,0,0.0
Diacritic Inject,214,0,2.980232238769531e-07
Diacritic Inject,215,0,1.7881393432617188e-07
Diacritic Inject,216,0,0.0
Diacritic Inject,217,0,0.0
Diacritic Inject,218,0,-1.1920928955078125e-07
Diacritic Inject,219,0,0.0
Diacritic Inject,220,0,0.0
Diacritic Inject,221,0,-1.1920928955078125e-07
Diacritic Inject,222,0,0.0
Diacritic Inject,223,0,1.1920928955078125e-07
Diacritic Inject,224,0,5.960464477539063e-08
Diacritic Inject,225,0,-2.384185791015625e-07
Diacritic Inject,226,0,-5.960464477539063e-08
Diacritic Inject,227,0,0.0
Diacritic Inject,228,0,0.0
Diacritic Inject,229,0,1.1920928955078125e-07
Diacritic Inject,230,0,0.0
Diacritic Inject,231,0,0.0
Diacritic Inject,232,0,0.0
Diacritic Inject,233,0,-1.1920928955078125e-07
Diacritic Inject,234,0,5.960464477539063e-08
Diacritic Inject,235,0,0.0
Diacritic Inject,236,0,0.0
Diacritic Inject,237,0,5.960464477539062e-07
Diacritic Inject,238,0,0.0
Diacritic Inject,239,0,0.0
Diacritic Inject,240,0,0.0
Diacritic Inject,241,0,0.0
Diacritic Inject,242,0,0.0
Diacritic Inject,243,0,1.1920928955078125e-07
Diacritic Inject,244,0,0.0
Diacritic Inject,245,0,0.0
Diacritic Inject,246,0,1.7881393432617188e-07
Diacritic Inject,247,0,4.172325134277344e-07
Diacritic Inject,248,0,0.0
Diacritic Inject,249,0,-5.960464477539063e-08
Diacritic Inject,250,0,0.0
Diacritic Inject,251,0,0.0
Diacritic Inject,252,0,0.0
Diacritic Inject,253,0,-2.980232238769531e-07
Diacritic Inject,254,0,0.0
Diacritic Inject,255,0,0.0
Diacritic Inject,256,0,1.1920928955078125e-07
Diacritic Inject,257,0,0.0
Diacritic Inject,258,0,0.0
Diacritic Inject,259,0,0.0
Diacritic Inject,260,0,0.0
Diacritic Inject,261,0,0.0
Diacritic Inject,262,0,-3.5762786865234375e-07
Diacritic Inject,263,0,0.0
Diacritic Inject,264,0,-1.1920928955078125e-07
Diacritic Inject,265,0,1.1920928955078125e-07
Diacritic Inject,266,0,0.0
Diacritic Inject,267,0,0.0
Diacritic Inject,268,0,0.0
Diacritic Inject,269,0,0.0
Diacritic Inject,270,0,0.0
Diacritic Inject,271,0,-5.960464477539063e-08
Diacritic Inject,272,0,0.0
Diacritic Inject,273,0,0.0
Diacritic Inject,274,0,1.1920928955078125e-07
Diacritic Inject,275,0,1.1920928955078125e-07
Diacritic Inject,276,0,-1.1920928955078125e-07
Diacritic Inject,277,0,-1.1920928955078125e-07
Diacritic Inject,278,0,8.344650268554688e-07
Diacritic Inject,279,0,-1.1920928955078125e-07
Diacritic Inject,280,0,0.0
Diacritic Inject,281,0,0.0
Diacritic Inject,282,0,-3.5762786865234375e-07
Diacritic Inject,283,0,0.0
Diacritic Inject,284,0,0.0
Diacritic Inject,285,0,0.0
Diacritic Inject,286,0,0.0
Diacritic Inject,287,0,0.0
Diacritic Inject,288,0,0.0
Diacritic Inject,289,0,0.0
Diacritic Inject,290,0,0.0
Diacritic Inject,291,0,0.0
Diacritic Inject,292,0,-5.960464477539063e-08
Diacritic Inject,293,0,-5.960464477539063e-08
Diacritic Inject,294,0,-5.960464477539063e-08
Diacritic Inject,295,0,0.0
Diacritic Inject,296,0,3.5762786865234375e-07
Diacritic Inject,297,0,0.0
Diacritic Inject,298,0,0.0
Diacritic Inject,299,0,-5.960464477539063e-08
Diacritic Inject,300,0,0.0
Diacritic Inject,301,0,0.0
Diacritic Inject,302,0,0.0
Diacritic Inject,303,0,-3.5762786865234375e-07
Diacritic Inject,304,0,5.960464477539063e-08
Diacritic Inject,305,0,0.0
Diacritic Inject,306,0,0.0
Diacritic Inject,307,0,0.0
Diacritic Inject,308,0,0.0
Diacritic Inject,309,0,0.0
Diacritic Inject,310,0,-1.7881393432617188e-07
Diacritic Inject,311,0,0.0
Diacritic Inject,312,0,0.0
Diacritic Inject,313,0,0.0
Diacritic Inject,314,0,0.0
Diacritic Inject,315,0,1.1920928955078125e-07
Diacritic Inject,316,0,0.0
Diacritic Inject,317,0,0.0
Diacritic Inject,318,0,-5.960464477539063e-08
Diacritic Inject,319,0,0.0
Diacritic Inject,320,0,-4.172325134277344e-07
Diacritic Inject,321,0,-1.1920928955078125e-07
Diacritic Inject,322,0,0.0
Diacritic Inject,323,0,-5.960464477539062e-07
Diacritic Inject,324,0,0.0
Diacritic Inject,325,0,0.0
Diacritic Inject,326,0,0.0
Diacritic Inject,327,0,0.0
Diacritic Inject,328,0,-2.384185791015625e-07
Diacritic Inject,329,0,0.0
Diacritic Inject,330,0,0.0
Diacritic Inject,331,0,0.0
Diacritic Inject,332,0,-3.5762786865234375e-07
Diacritic Inject,333,0,0.0
Diacritic Inject,334,0,-1.1920928955078125e-07
Diacritic Inject,335,0,1.1920928955078125e-07
Diacritic Inject,336,0,-1.1920928955078125e-07
Diacritic Inject,337,0,0.0
Diacritic Inject,338,0,0.0
Diacritic Inject,339,0,1.1920928955078125e-07
Diacritic Inject,340,0,0.0
Diacritic Inject,341,0,0.0
Diacritic Inject,342,0,0.0
Diacritic Inject,343,0,0.0
Diacritic Inject,344,0,0.0
Diacritic Inject,345,0,0.0
Diacritic Inject,346,0,0.0
Diacritic Inject,347,0,0.0
Diacritic Inject,348,0,0.0
Diacritic Inject,349,0,0.0
Diacritic Inject,350,0,0.0
Diacritic Inject,351,0,0.0
Diacritic Inject,352,0,0.0
Diacritic Inject,353,0,-5.960464477539063e-08
Diacritic Inject,354,0,0.0
Diacritic Inject,355,0,0.0
Diacritic Inject,356,0,1.1920928955078125e-07
Diacritic Inject,357,0,5.364418029785156e-07
Diacritic Inject,358,0,0.0
Diacritic Inject,359,0,3.5762786865234375e-07
Diacritic Inject,360,0,0.0
Diacritic Inject,361,0,0.0
Diacritic Inject,362,0,0.0
Diacritic Inject,363,0,1.1920928955078125e-07
Diacritic Inject,364,0,1.7881393432617188e-07
Diacritic Inject,365,0,1.7881393432617188e-07
Diacritic Inject,366,0,-5.960464477539063e-08
Diacritic Inject,367,0,0.0
Diacritic Inject,368,0,0.0
Diacritic Inject,369,0,-5.960464477539063e-08
Diacritic Inject,370,0,0.0
Diacritic Inject,371,0,-4.172325134277344e-07
Diacritic Inject,372,0,2.384185791015625e-07
Diacritic Inject,373,0,1.1920928955078125e-07
Diacritic Inject,374,0,0.0
Diacritic Inject,375,0,2.384185791015625e-07
Diacritic Inject,376,0,-5.960464477539063e-08
Diacritic Inject,377,0,0.0
Diacritic Inject,378,0,0.0
Diacritic Inject,379,0,0.0
Diacritic Inject,380,0,0.0
Diacritic Inject,381,0,0.0
Diacritic Inject,382,0,5.960464477539063e-08
Diacritic Inject,383,0,0.0
Diacritic Inject,384,0,0.0
Diacritic Inject,385,0,0.0
Diacritic Inject,386,0,1.1920928955078125e-07
Diacritic Inject,387,0,0.0
Diacritic Inject,388,0,1.1920928955078125e-07
Diacritic Inject,389,0,0.0
Diacritic Inject,390,0,0.0
Diacritic Inject,391,0,0.0
Diacritic Inject,392,0,0.0
Diacritic Inject,393,0,-2.980232238769531e-07
Diacritic Inject,394,0,-7.152557373046875e-07
Diacritic Inject,395,0,0.0
Diacritic Inject,396,0,1.1920928955078125e-07
Diacritic Inject,397,0,-2.980232238769531e-07
Diacritic Inject,398,0,0.0
Diacritic Inject,399,0,0.0
Diacritic Inject,400,0,5.960464477539063e-08
Diacritic Inject,401,0,-1.1920928955078125e-07
Diacritic Inject,402,0,0.0
Diacritic Inject,403,0,-1.1920928955078125e-07
Diacritic Inject,404,0,0.0
Diacritic Inject,405,0,1.1920928955078125e-07
Diacritic Inject,406,0,0.0
Diacritic Inject,407,0,1.1920928955078125e-07
Diacritic Inject,408,0,-2.384185791015625e-07
Diacritic Inject,409,0,0.0
Diacritic Inject,410,0,0.0
Diacritic Inject,411,0,0.0
Diacritic Inject,412,0,0.0
Diacritic Inject,413,0,0.0
Diacritic Inject,414,0,0.0
Diacritic Inject,415,0,1.1920928955078125e-07
Diacritic Inject,416,0,0.0
Diacritic Inject,417,0,0.0
Diacritic Inject,418,0,0.0
Diacritic Inject,419,0,-5.364418029785156e-07
Diacritic Inject,420,0,0.0
Diacritic Inject,421,0,0.0
Diacritic Inject,422,0,0.0
Diacritic Inject,423,0,0.0
Diacritic Inject,424,0,-1.1920928955078125e-07
Diacritic Inject,425,0,0.0
Diacritic Inject,426,0,0.0
Diacritic Inject,427,0,0.0
Diacritic Inject,428,0,1.1920928955078125e-07
Diacritic Inject,429,0,5.960464477539063e-08
Diacritic Inject,430,0,0.0
Diacritic Inject,431,0,-1.1920928955078125e-07
Diacritic Inject,432,0,0.0
Diacritic Inject,433,0,0.0
Diacritic Inject,434,0,-1.7881393432617188e-07
Diacritic Inject,435,0,0.0
Diacritic Inject,436,0,0.0
Diacritic Inject,437,0,0.0
Diacritic Inject,438,0,0.0
Diacritic Inject,439,0,-2.980232238769531e-07
Diacritic Inject,440,0,-1.7881393432617188e-07
Diacritic Inject,441,0,-2.980232238769531e-07
Diacritic Inject,442,0,0.0
Diacritic Inject,443,0,0.0
Diacritic Inject,444,0,1.2516975402832031e-06
Diacritic Inject,445,0,1.1920928955078125e-07
Diacritic Inject,446,0,-5.960464477539063e-08
Diacritic Inject,447,0,0.0
Diacritic Inject,448,0,0.0
Diacritic Inject,449,0,5.960464477539062e-07
Diacritic Inject,450,0,0.0
Diacritic Inject,451,0,-5.960464477539063e-08
Diacritic Inject,452,0,1.7881393432617188e-07
Diacritic Inject,453,0,-5.960464477539063e-08
Diacritic Inject,454,0,1.1920928955078125e-07
Diacritic Inject,455,0,0.0
Diacritic Inject,456,0,6.556510925292969e-07
Diacritic Inject,457,0,0.0
Diacritic Inject,458,0,1.1920928955078125e-07
Diacritic Inject,459,0,1.1920928955078125e-07
Diacritic Inject,460,0,0.0
Diacritic Inject,461,0,0.0
Diacritic Inject,462,0,-1.1920928955078125e-07
Diacritic Inject,463,0,0.0
Diacritic Inject,464,0,0.0
Diacritic Inject,465,0,0.0
Diacritic Inject,466,0,0.0
Diacritic Inject,467,0,1.1920928955078125e-07
Diacritic Inject,468,0,0.0
Diacritic Inject,469,0,0.0
Diacritic Inject,470,0,-1.1920928955078125e-07
Diacritic Inject,471,0,0.0
Diacritic Inject,472,0,1.7881393432617188e-07
Diacritic Inject,473,0,1.1920928955078125e-07
Diacritic Inject,474,0,-1.7881393432617188e-07
Diacritic Inject,475,0,-1.1920928955078125e-07
Diacritic Inject,476,0,1.7881393432617188e-07
Diacritic Inject,477,0,0.0
Diacritic Inject,478,0,5.960464477539063e-08
Diacritic Inject,479,0,2.384185791015625e-07
Diacritic Inject,480,0,1.7881393432617188e-07
Diacritic Inject,481,0,0.0
Diacritic Inject,482,0,0.0
Diacritic Inject,483,0,0.0
Diacritic Inject,484,0,-2.384185791015625e-07
Diacritic Inject,485,0,-5.960464477539063e-08
Diacritic Inject,486,0,1.1920928955078125e-07
Diacritic Inject,487,0,0.0
Diacritic Inject,488,0,-5.960464477539063e-08
Diacritic Inject,489,0,1.7881393432617188e-07
Diacritic Inject,490,0,0.0
Diacritic Inject,491,0,0.0
Diacritic Inject,492,0,0.0
Diacritic Inject,493,0,-1.7881393432617188e-07
Diacritic Inject,494,0,0.0
Diacritic Inject,495,0,-1.7881393432617188e-07
Diacritic Inject,496,0,0.0
Diacritic Inject,497,0,0.0
Diacritic Inject,498,0,1.7881393432617188e-07
Diacritic Inject,499,0,2.384185791015625e-07
Diacritic Inject,500,0,0.0
Diacritic Inject,501,0,0.0
Diacritic Inject,502,0,0.0
Diacritic Inject,503,0,2.980232238769531e-07
Diacritic Inject,504,0,0.0
Diacritic Inject,505,0,5.960464477539063e-08
Diacritic Inject,506,0,1.7881393432617188e-07
Diacritic Inject,507,0,-2.980232238769531e-07
Diacritic Inject,508,0,0.0
Diacritic Inject,509,0,0.0
Diacritic Inject,510,0,-1.1920928955078125e-07
Diacritic Inject,511,0,-1.1920928955078125e-07
Diacritic Inject,512,0,0.0
Diacritic Inject,513,0,0.0
Diacritic Inject,514,0,0.0
Diacritic Inject,515,0,0.0
Diacritic Inject,516,0,2.980232238769531e-07
Diacritic Inject,517,0,1.1920928955078125e-07
Diacritic Inject,518,0,0.0
Diacritic Inject,519,0,0.0
Diacritic Inject,520,0,0.0
Diacritic Inject,521,0,5.960464477539063e-08
Diacritic Inject,522,0,0.0
Diacritic Inject,523,0,1.1920928955078125e-07
Diacritic Inject,524,0,2.384185791015625e-07
Diacritic Inject,525,0,0.0
Diacritic Inject,526,0,0.0
Diacritic Inject,527,0,0.0
Diacritic Inject,528,0,0.0
Diacritic Inject,529,0,-3.5762786865234375e-07
Diacritic Inject,530,0,0.0
Diacritic Inject,531,0,-1.1920928955078125e-07
Diacritic Inject,532,0,5.960464477539063e-08
Diacritic Inject,533,0,0.0
Diacritic Inject,534,0,-1.1920928955078125e-07
Diacritic Inject,535,0,-1.1920928955078125e-07
Diacritic Inject,536,0,-2.384185791015625e-07
Diacritic Inject,537,0,0.0
Diacritic Inject,538,0,0.0
Diacritic Inject,539,0,-5.960464477539063e-08
Diacritic Inject,540,0,0.0
Diacritic Inject,541,0,1.7881393432617188e-07
Diacritic Inject,542,0,0.0
Diacritic Inject,543,0,-1.1920928955078125e-07
Diacritic Inject,544,0,5.960464477539063e-08
Diacritic Inject,545,0,-5.960464477539063e-08
Diacritic Inject,546,0,0.0
Diacritic Inject,547,0,0.0
Diacritic Inject,548,0,0.0
Diacritic Inject,549,0,0.0
Diacritic Inject,550,0,0.0
Diacritic Inject,551,0,0.0
Diacritic Inject,552,0,0.0
Diacritic Inject,553,0,-1.1920928955078125e-07
Diacritic Inject,554,0,0.0
Diacritic Inject,555,0,-1.1920928955078125e-07
Diacritic Inject,556,0,0.0
Diacritic Inject,557,0,0.0
Diacritic Inject,558,0,0.0
Diacritic Inject,559,0,0.0
Diacritic Inject,560,0,0.0
Diacritic Inject,561,0,0.0
Diacritic Inject,562,0,0.0
Diacritic Inject,563,0,-5.960464477539063e-08
Diacritic Inject,564,0,0.0
Diacritic Inject,565,0,0.0
Diacritic Inject,566,0,2.384185791015625e-07
Diacritic Inject,567,0,0.0
Diacritic Inject,568,0,0.0
Diacritic Inject,569,0,0.0
Diacritic Inject,570,0,0.0
Diacritic Inject,571,0,0.0
Diacritic Inject,572,0,5.960464477539062e-07
Diacritic Inject,573,0,0.0
Diacritic Inject,574,0,0.0
Diacritic Inject,575,0,0.0
Diacritic Inject,576,0,0.0
Diacritic Inject,577,0,1.1920928955078125e-07
Diacritic Inject,578,0,-2.384185791015625e-07
Diacritic Inject,579,0,0.0
Diacritic Inject,580,0,0.0
Diacritic Inject,581,0,-1.1920928955078125e-07
Diacritic Inject,582,0,0.0
Diacritic Inject,583,0,0.0
Diacritic Inject,584,0,0.0
Diacritic Inject,585,0,2.384185791015625e-07
Diacritic Inject,586,0,-1.1920928955078125e-07
Diacritic Inject,587,0,0.0
Diacritic Inject,588,0,0.0
Diacritic Inject,589,0,0.0
Diacritic Inject,590,0,0.0
Diacritic Inject,591,0,0.0
Diacritic Inject,592,0,0.0
Diacritic Inject,593,0,-1.1920928955078125e-07
Diacritic Inject,594,0,5.960464477539063e-08
Diacritic Inject,595,0,-1.1920928955078125e-07
Diacritic Inject,596,0,-2.980232238769531e-07
Diacritic Inject,597,0,6.556510925292969e-07
Diacritic Inject,598,0,0.0
Diacritic Inject,599,0,0.0
Tatweel Stretch,0,0,0.0
Tatweel Stretch,1,0,0.0
Tatweel Stretch,2,0,0.0
Tatweel Stretch,3,0,1.7881393432617188e-07
Tatweel Stretch,4,0,0.0
Tatweel Stretch,5,0,-5.960464477539063e-08
Tatweel Stretch,6,0,-5.960464477539063e-08
Tatweel Stretch,7,0,0.0
Tatweel Stretch,8,0,-2.980232238769531e-07
Tatweel Stretch,9,0,0.0
Tatweel Stretch,10,0,1.1920928955078125e-07
Tatweel Stretch,11,0,0.0
Tatweel Stretch,12,0,-4.172325134277344e-07
Tatweel Stretch,13,0,1.7881393432617188e-07
Tatweel Stretch,14,0,-1.7881393432617188e-07
Tatweel Stretch,15,0,0.0
Tatweel Stretch,16,0,0.0
Tatweel Stretch,17,0,-5.960464477539063e-08
Tatweel Stretch,18,0,-5.960464477539063e-08
Tatweel Stretch,19,0,0.0
Tatweel Stretch,20,0,0.0
Tatweel Stretch,21,0,0.0
Tatweel Stretch,22,0,-3.5762786865234375e-07
Tatweel Stretch,23,0,0.0
Tatweel Stretch,24,0,0.0
Tatweel Stretch,25,0,0.0
Tatweel Stretch,26,0,0.0
Tatweel Stretch,27,0,-1.7881393432617188e-07
Tatweel Stretch,28,0,0.0
Tatweel Stretch,29,0,5.960464477539063e-08
Tatweel Stretch,30,0,0.0
Tatweel Stretch,31,0,0.0
Tatweel Stretch,32,0,0.0
Tatweel Stretch,33,0,0.0
Tatweel Stretch,34,0,2.384185791015625e-07
Tatweel Stretch,35,0,0.0
Tatweel Stretch,36,0,0.0
Tatweel Stretch,37,0,-1.1920928955078125e-07
Tatweel Stretch,38,0,-2.384185791015625e-07
Tatweel Stretch,39,0,0.0
Tatweel Stretch,40,0,-5.960464477539063e-08
Tatweel Stretch,41,0,5.960464477539063e-08
Tatweel Stretch,42,0,2.384185791015625e-07
Tatweel Stretch,43,0,0.0
Tatweel Stretch,44,0,0.0
Tatweel Stretch,45,0,-2.980232238769531e-07
Tatweel Stretch,46,0,0.0
Tatweel Stretch,47,0,0.0
Tatweel Stretch,48,0,-9.5367431640625e-07
Tatweel Stretch,49,0,0.0
Tatweel Stretch,50,0,0.0
Tatweel Stretch,51,0,0.0
Tatweel Stretch,52,0,0.0
Tatweel Stretch,53,0,0.0
Tatweel Stretch,54,0,0.0
Tatweel Stretch,55,0,0.0
Tatweel Stretch,56,0,-5.960464477539063e-08
Tatweel Stretch,57,0,-5.960464477539063e-08
Tatweel Stretch,58,0,1.1920928955078125e-07
Tatweel Stretch,59,0,0.0
Tatweel Stretch,60,0,0.0
Tatweel Stretch,61,0,1.1920928955078125e-07
Tatweel Stretch,62,0,0.0
Tatweel Stretch,63,0,0.0
Tatweel Stretch,64,0,0.0
Tatweel Stretch,65,0,-5.960464477539063e-08
Tatweel Stretch,66,0,1.7881393432617188e-07
Tatweel Stretch,67,0,0.0
Tatweel Stretch,68,0,1.1920928955078125e-07
Tatweel Stretch,69,0,1.1920928955078125e-07
Tatweel Stretch,70,0,0.0
Tatweel Stretch,71,0,0.0
Tatweel Stretch,72,0,0.0
Tatweel Stretch,73,0,1.1920928955078125e-07
Tatweel Stretch,74,0,0.0
Tatweel Stretch,75,0,0.0
Tatweel Stretch,76,0,0.0
Tatweel Stretch,77,0,0.0
Tatweel Stretch,78,0,0.0
Tatweel Stretch,79,0,5.960464477539063e-08
Tatweel Stretch,80,0,-1.1920928955078125e-07
Tatweel Stretch,81,0,0.0
Tatweel Stretch,82,0,0.0
Tatweel Stretch,83,0,0.0
Tatweel Stretch,84,0,-5.960464477539063e-08
Tatweel Stretch,85,0,0.0
Tatweel Stretch,86,0,0.0
Tatweel Stretch,87,0,0.0
Tatweel Stretch,88,0,-4.172325134277344e-07
Tatweel Stretch,89,0,0.0
Tatweel Stretch,90,0,0.0
Tatweel Stretch,91,0,0.0
Tatweel Stretch,92,0,0.0
Tatweel Stretch,93,0,1.1920928955078125e-07
Tatweel Stretch,94,0,0.0
Tatweel Stretch,95,0,3.5762786865234375e-07
Tatweel Stretch,96,0,0.0
Tatweel Stretch,97,0,0.0
Tatweel Stretch,98,0,1.7881393432617188e-07
Tatweel Stretch,99,0,2.980232238769531e-07
Tatweel Stretch,100,0,0.0
Tatweel Stretch,101,0,0.0
Tatweel Stretch,102,0,0.0
Tatweel Stretch,103,0,0.0
Tatweel Stretch,104,0,5.960464477539063e-08
Tatweel Stretch,105,0,0.0
Tatweel Stretch,106,0,0.0
Tatweel Stretch,107,0,0.0
Tatweel Stretch,108,0,7.748603820800781e-07
Tatweel Stretch,109,0,-2.980232238769531e-07
Tatweel Stretch,110,0,0.0
Tatweel Stretch,111,0,0.0
Tatweel Stretch,112,0,-1.1920928955078125e-07
Tatweel Stretch,113,0,-1.1920928955078125e-07
Tatweel Stretch,114,0,-5.960464477539063e-08
Tatweel Stretch,115,0,0.0
Tatweel Stretch,116,0,0.0
Tatweel Stretch,117,0,0.0
Tatweel Stretch,118,0,0.0
Tatweel Stretch,119,0,0.0
Tatweel Stretch,120,0,5.960464477539063e-08
Tatweel Stretch,121,0,-1.1920928955078125e-07
Tatweel Stretch,122,0,0.0
Tatweel Stretch,123,0,0.0
Tatweel Stretch,124,0,5.960464477539062e-07
Tatweel Stretch,125,0,5.960464477539063e-08
Tatweel Stretch,126,0,-1.1920928955078125e-07
Tatweel Stretch,127,0,3.5762786865234375e-07
Tatweel Stretch,128,0,0.0
Tatweel Stretch,129,0,1.7881393432617188e-07
Tatweel Stretch,130,0,0.0
Tatweel Stretch,131,0,1.1920928955078125e-07
Tatweel Stretch,132,0,0.0
Tatweel Stretch,133,0,1.1920928955078125e-07
Tatweel Stretch,134,0,0.0
Tatweel Stretch,135,0,0.0
Tatweel Stretch,136,0,0.0
Tatweel Stretch,137,0,0.0
Tatweel Stretch,138,0,0.0
Tatweel Stretch,139,0,0.0
Tatweel Stretch,140,0,0.0
Tatweel Stretch,141,0,-6.556510925292969e-07
Tatweel Stretch,142,0,0.0
Tatweel Stretch,143,0,0.0
Tatweel Stretch,144,0,-1.7881393432617188e-07
Tatweel Stretch,145,0,0.0
Tatweel Stretch,146,0,0.0
Tatweel Stretch,147,0,0.0
Tatweel Stretch,148,0,0.0
Tatweel Stretch,149,0,0.0
Tatweel Stretch,150,0,-5.960464477539063e-08
Tatweel Stretch,151,0,0.0
Tatweel Stretch,152,0,-1.1920928955078125e-07
Tatweel Stretch,153,0,0.0
Tatweel Stretch,154,0,0.0
Tatweel Stretch,155,0,0.0
Tatweel Stretch,156,0,-1.1920928955078125e-07
Tatweel Stretch,157,0,8.940696716308594e-07
Tatweel Stretch,158,0,0.0
Tatweel Stretch,159,0,0.0
Tatweel Stretch,160,0,0.0
Tatweel Stretch,161,0,0.0
Tatweel Stretch,162,0,-5.960464477539062e-07
Tatweel Stretch,163,0,1.0132789611816406e-06
Tatweel Stretch,164,0,0.0
Tatweel Stretch,165,0,0.0
Tatweel Stretch,166,0,0.0
Tatweel Stretch,167,0,0.0
Tatweel Stretch,168,0,0.0
Tatweel Stretch,169,0,0.0
Tatweel Stretch,170,0,0.0
Tatweel Stretch,171,0,0.0
Tatweel Stretch,172,0,0.0
Tatweel Stretch,173,0,1.1920928955078125e-07
Tatweel Stretch,174,0,-1.1920928955078125e-07
Tatweel Stretch,175,0,-1.1920928955078125e-07
Tatweel Stretch,176,0,0.0
Tatweel Stretch,177,0,1.1920928955078125e-07
Tatweel Stretch,178,0,1.1920928955078125e-06
Tatweel Stretch,179,0,0.0
Tatweel Stretch,180,0,0.0
Tatweel Stretch,181,0,1.7881393432617188e-07
Tatweel Stretch,182,0,0.0
Tatweel Stretch,183,0,0.0
Tatweel Stretch,184,0,0.0
Tatweel Stretch,185,0,-1.1920928955078125e-07
Tatweel Stretch,186,0,0.0
Tatweel Stretch,187,0,7.748603820800781e-07
Tatweel Stretch,188,0,-3.5762786865234375e-07
Tatweel Stretch,189,0,1.1920928955078125e-07
Tatweel Stretch,190,0,5.364418029785156e-07
Tatweel Stretch,191,0,4.76837158203125e-07
Tatweel Stretch,192,0,-1.7881393432617188e-07
Tatweel Stretch,193,0,0.0
Tatweel Stretch,194,0,-2.6226043701171875e-06
Tatweel Stretch,195,0,5.960464477539063e-08
Tatweel Stretch,196,0,0.0
Tatweel Stretch,197,0,0.0
Tatweel Stretch,198,0,-2.384185791015625e-07
Tatweel Stretch,199,0,0.0
Tatweel Stretch,200,0,0.0
Tatweel Stretch,201,0,-5.960464477539063e-08
Tatweel Stretch,202,0,0.0
Tatweel Stretch,203,0,-5.960464477539063e-08
Tatweel Stretch,204,0,0.0
Tatweel Stretch,205,0,0.0
Tatweel Stretch,206,0,0.0
Tatweel Stretch,207,0,0.0
Tatweel Stretch,208,0,-2.384185791015625e-07
Tatweel Stretch,209,0,1.1920928955078125e-07
Tatweel Stretch,210,0,0.0
Tatweel Stretch,211,0,1.7881393432617188e-07
Tatweel Stretch,212,0,0.0
Tatweel Stretch,213,0,0.0
Tatweel Stretch,214,0,2.980232238769531e-07
Tatweel Stretch,215,0,1.7881393432617188e-07
Tatweel Stretch,216,0,0.0
Tatweel Stretch,217,0,0.0
Tatweel Stretch,218,0,-1.1920928955078125e-07
Tatweel Stretch,219,0,0.0
Tatweel Stretch,220,0,0.0
Tatweel Stretch,221,0,-1.1920928955078125e-07
Tatweel Stretch,222,0,0.0
Tatweel Stretch,223,0,1.1920928955078125e-07
Tatweel Stretch,224,0,5.960464477539063e-08
Tatweel Stretch,225,0,-2.384185791015625e-07
Tatweel Stretch,226,0,-5.960464477539063e-08
Tatweel Stretch,227,0,0.0
Tatweel Stretch,228,0,0.0
Tatweel Stretch,229,0,1.1920928955078125e-07
Tatweel Stretch,230,0,0.0
Tatweel Stretch,231,0,0.0
Tatweel Stretch,232,0,0.0
Tatweel Stretch,233,0,-1.1920928955078125e-07
Tatweel Stretch,234,0,5.960464477539063e-08
Tatweel Stretch,235,0,0.0
Tatweel Stretch,236,0,0.0
Tatweel Stretch,237,0,5.960464477539062e-07
Tatweel Stretch,238,0,0.0
Tatweel Stretch,239,0,0.0
Tatweel Stretch,240,0,0.0
Tatweel Stretch,241,0,0.0
Tatweel Stretch,242,0,0.0
Tatweel Stretch,243,0,1.1920928955078125e-07
Tatweel Stretch,244,0,0.0
Tatweel Stretch,245,0,0.0
Tatweel Stretch,246,0,1.7881393432617188e-07
Tatweel Stretch,247,0,4.172325134277344e-07
Tatweel Stretch,248,0,0.0
Tatweel Stretch,249,0,-5.960464477539063e-08
Tatweel Stretch,250,0,0.0
Tatweel Stretch,251,0,0.0
Tatweel Stretch,252,0,0.0
Tatweel Stretch,253,0,-2.980232238769531e-07
Tatweel Stretch,254,0,0.0
Tatweel Stretch,255,0,0.0
Tatweel Stretch,256,0,1.1920928955078125e-07
Tatweel Stretch,257,0,0.0
Tatweel Stretch,258,0,0.0
Tatweel Stretch,259,0,0.0
Tatweel Stretch,260,0,0.0
Tatweel Stretch,261,0,0.0
Tatweel Stretch,262,0,-3.5762786865234375e-07
Tatweel Stretch,263,0,0.0
Tatweel Stretch,264,0,-1.1920928955078125e-07
Tatweel Stretch,265,0,1.1920928955078125e-07
Tatweel Stretch,266,0,0.0
Tatweel Stretch,267,0,0.0
Tatweel Stretch,268,0,0.0
Tatweel Stretch,269,0,0.0
Tatweel Stretch,270,0,0.0
Tatweel Stretch,271,0,-5.960464477539063e-08
Tatweel Stretch,272,0,0.0
Tatweel Stretch,273,0,0.0
Tatweel Stretch,274,0,1.1920928955078125e-07
Tatweel Stretch,275,0,1.1920928955078125e-07
Tatweel Stretch,276,0,-1.1920928955078125e-07
Tatweel Stretch,277,0,-1.1920928955078125e-07
Tatweel Stretch,278,0,8.344650268554688e-07
Tatweel Stretch,279,0,-1.1920928955078125e-07
Tatweel Stretch,280,0,0.0
Tatweel Stretch,281,0,0.0
Tatweel Stretch,282,0,-3.5762786865234375e-07
Tatweel Stretch,283,0,0.0
Tatweel Stretch,284,0,0.0
Tatweel Stretch,285,0,0.0
Tatweel Stretch,286,0,0.0
Tatweel Stretch,287,0,0.0
Tatweel Stretch,288,0,0.0
Tatweel Stretch,289,0,0.0
Tatweel Stretch,290,0,0.0
Tatweel Stretch,291,0,0.0
Tatweel Stretch,292,0,-5.960464477539063e-08
Tatweel Stretch,293,0,-5.960464477539063e-08
Tatweel Stretch,294,0,-5.960464477539063e-08
Tatweel Stretch,295,0,0.0
Tatweel Stretch,296,0,3.5762786865234375e-07
Tatweel Stretch,297,0,0.0
Tatweel Stretch,298,0,0.0
Tatweel Stretch,299,0,-5.960464477539063e-08
Tatweel Stretch,300,0,0.0
Tatweel Stretch,301,0,0.0
Tatweel Stretch,302,0,0.0
Tatweel Stretch,303,0,-3.5762786865234375e-07
Tatweel Stretch,304,0,5.960464477539063e-08
Tatweel Stretch,305,0,0.0
Tatweel Stretch,306,0,0.0
Tatweel Stretch,307,0,0.0
Tatweel Stretch,308,0,0.0
Tatweel Stretch,309,0,0.0
Tatweel Stretch,310,0,-1.7881393432617188e-07
Tatweel Stretch,311,0,0.0
Tatweel Stretch,312,0,0.0
Tatweel Stretch,313,0,0.0
Tatweel Stretch,314,0,0.0
Tatweel Stretch,315,0,1.1920928955078125e-07
Tatweel Stretch,316,0,0.0
Tatweel Stretch,317,0,0.0
Tatweel Stretch,318,0,-5.960464477539063e-08
Tatweel Stretch,319,0,0.0
Tatweel Stretch,320,0,-4.172325134277344e-07
Tatweel Stretch,321,0,-1.1920928955078125e-07
Tatweel Stretch,322,0,0.0
Tatweel Stretch,323,0,-5.960464477539062e-07
Tatweel Stretch,324,0,0.0
Tatweel Stretch,325,0,0.0
Tatweel Stretch,326,0,0.0
Tatweel Stretch,327,0,0.0
Tatweel Stretch,328,0,-2.384185791015625e-07
Tatweel Stretch,329,0,0.0
Tatweel Stretch,330,0,0.0
Tatweel Stretch,331,0,0.0
Tatweel Stretch,332,0,-3.5762786865234375e-07
Tatweel Stretch,333,0,0.0
Tatweel Stretch,334,0,-1.1920928955078125e-07
Tatweel Stretch,335,0,1.1920928955078125e-07
Tatweel Stretch,336,0,-1.1920928955078125e-07
Tatweel Stretch,337,0,0.0
Tatweel Stretch,338,0,0.0
Tatweel Stretch,339,0,1.1920928955078125e-07
Tatweel Stretch,340,0,0.0
Tatweel Stretch,341,0,0.0
Tatweel Stretch,342,0,0.0
Tatweel Stretch,343,0,0.0
Tatweel Stretch,344,0,0.0
Tatweel Stretch,345,0,0.0
Tatweel Stretch,346,0,0.0
Tatweel Stretch,347,0,0.0
Tatweel Stretch,348,0,0.0
Tatweel Stretch,349,0,0.0
Tatweel Stretch,350,0,0.0
Tatweel Stretch,351,0,0.0
Tatweel Stretch,352,0,0.0
Tatweel Stretch,353,0,-5.960464477539063e-08
Tatweel Stretch,354,0,0.0
Tatweel Stretch,355,0,0.0
Tatweel Stretch,356,0,1.1920928955078125e-07
Tatweel Stretch,357,0,5.364418029785156e-07
Tatweel Stretch,358,0,0.0
Tatweel Stretch,359,0,3.5762786865234375e-07
Tatweel Stretch,360,0,0.0
Tatweel Stretch,361,0,0.0
Tatweel Stretch,362,0,0.0
Tatweel Stretch,363,0,1.1920928955078125e-07
Tatweel Stretch,364,0,1.7881393432617188e-07
Tatweel Stretch,365,0,1.7881393432617188e-07
Tatweel Stretch,366,0,-5.960464477539063e-08
Tatweel Stretch,367,0,0.0
Tatweel Stretch,368,0,0.0
Tatweel Stretch,369,0,-5.960464477539063e-08
Tatweel Stretch,370,0,0.0
Tatweel Stretch,371,0,-4.172325134277344e-07
Tatweel Stretch,372,0,2.384185791015625e-07
Tatweel Stretch,373,0,1.1920928955078125e-07
Tatweel Stretch,374,0,0.0
Tatweel Stretch,375,0,2.384185791015625e-07
Tatweel Stretch,376,0,-5.960464477539063e-08
Tatweel Stretch,377,0,0.0
Tatweel Stretch,378,0,0.0
Tatweel Stretch,379,0,0.0
Tatweel Stretch,380,0,0.0
Tatweel Stretch,381,0,0.0
Tatweel Stretch,382,0,5.960464477539063e-08
Tatweel Stretch,383,0,0.0
Tatweel Stretch,384,0,0.0
Tatweel Stretch,385,0,0.0
Tatweel Stretch,386,0,1.1920928955078125e-07
Tatweel Stretch,387,0,0.0
Tatweel Stretch,388,0,1.1920928955078125e-07
Tatweel Stretch,389,0,0.0
Tatweel Stretch,390,0,0.0
Tatweel Stretch,391,0,0.0
Tatweel Stretch,392,0,0.0
Tatweel Stretch,393,0,-2.980232238769531e-07
Tatweel Stretch,394,0,-7.152557373046875e-07
Tatweel Stretch,395,0,0.0
Tatweel Stretch,396,0,1.1920928955078125e-07
Tatweel Stretch,397,0,-2.980232238769531e-07
Tatweel Stretch,398,0,0.0
Tatweel Stretch,399,0,0.0
Tatweel Stretch,400,0,5.960464477539063e-08
Tatweel Stretch,401,0,-1.1920928955078125e-07
Tatweel Stretch,402,0,0.0
Tatweel Stretch,403,0,-1.1920928955078125e-07
Tatweel Stretch,404,0,0.0
Tatweel Stretch,405,0,1.1920928955078125e-07
Tatweel Stretch,406,0,0.0
Tatweel Stretch,407,0,1.1920928955078125e-07
Tatweel Stretch,408,0,-2.384185791015625e-07
Tatweel Stretch,409,0,0.0
Tatweel Stretch,410,0,0.0
Tatweel Stretch,411,0,0.0
Tatweel Stretch,412,0,0.0
Tatweel Stretch,413,0,0.0
Tatweel Stretch,414,0,0.0
Tatweel Stretch,415,0,1.1920928955078125e-07
Tatweel Stretch,416,0,0.0
Tatweel Stretch,417,0,0.0
Tatweel Stretch,418,0,0.0
Tatweel Stretch,419,0,-5.364418029785156e-07
Tatweel Stretch,420,0,0.0
Tatweel Stretch,421,0,0.0
Tatweel Stretch,422,0,0.0
Tatweel Stretch,423,0,0.0
Tatweel Stretch,424,0,-1.1920928955078125e-07
Tatweel Stretch,425,0,0.0
Tatweel Stretch,426,0,0.0
Tatweel Stretch,427,0,0.0
Tatweel Stretch,428,0,1.1920928955078125e-07
Tatweel Stretch,429,0,5.960464477539063e-08
Tatweel Stretch,430,0,0.0
Tatweel Stretch,431,0,-1.1920928955078125e-07
Tatweel Stretch,432,0,0.0
Tatweel Stretch,433,0,0.0
Tatweel Stretch,434,0,-1.7881393432617188e-07
Tatweel Stretch,435,0,0.0
Tatweel Stretch,436,0,0.0
Tatweel Stretch,437,0,0.0
Tatweel Stretch,438,0,0.0
Tatweel Stretch,439,0,-2.980232238769531e-07
Tatweel Stretch,440,0,-1.7881393432617188e-07
Tatweel Stretch,441,0,-2.980232238769531e-07
Tatweel Stretch,442,0,0.0
Tatweel Stretch,443,0,0.0
Tatweel Stretch,444,0,1.2516975402832031e-06
Tatweel Stretch,445,0,1.1920928955078125e-07
Tatweel Stretch,446,0,-5.960464477539063e-08
Tatweel Stretch,447,0,0.0
Tatweel Stretch,448,0,0.0
Tatweel Stretch,449,0,5.960464477539062e-07
Tatweel Stretch,450,0,0.0
Tatweel Stretch,451,0,-5.960464477539063e-08
Tatweel Stretch,452,0,1.7881393432617188e-07
Tatweel Stretch,453,0,-5.960464477539063e-08
Tatweel Stretch,454,0,1.1920928955078125e-07
Tatweel Stretch,455,0,0.0
Tatweel Stretch,456,0,6.556510925292969e-07
Tatweel Stretch,457,0,0.0
Tatweel Stretch,458,0,1.1920928955078125e-07
Tatweel Stretch,459,0,1.1920928955078125e-07
Tatweel Stretch,460,0,0.0
Tatweel Stretch,461,0,0.0
Tatweel Stretch,462,0,-1.1920928955078125e-07
Tatweel Stretch,463,0,0.0
Tatweel Stretch,464,0,0.0
Tatweel Stretch,465,0,0.0
Tatweel Stretch,466,0,0.0
Tatweel Stretch,467,0,1.1920928955078125e-07
Tatweel Stretch,468,0,0.0
Tatweel Stretch,469,0,0.0
Tatweel Stretch,470,0,-1.1920928955078125e-07
Tatweel Stretch,471,0,0.0
Tatweel Stretch,472,0,1.7881393432617188e-07
Tatweel Stretch,473,0,1.1920928955078125e-07
Tatweel Stretch,474,0,-1.7881393432617188e-07
Tatweel Stretch,475,0,-1.1920928955078125e-07
Tatweel Stretch,476,0,1.7881393432617188e-07
Tatweel Stretch,477,0,0.0
Tatweel Stretch,478,0,5.960464477539063e-08
Tatweel Stretch,479,0,2.384185791015625e-07
Tatweel Stretch,480,0,1.7881393432617188e-07
Tatweel Stretch,481,0,0.0
Tatweel Stretch,482,0,0.0
Tatweel Stretch,483,0,0.0
Tatweel Stretch,484,0,-2.384185791015625e-07
Tatweel Stretch,485,0,-5.960464477539063e-08
Tatweel Stretch,486,0,1.1920928955078125e-07
Tatweel Stretch,487,0,0.0
Tatweel Stretch,488,0,-5.960464477539063e-08
Tatweel Stretch,489,0,1.7881393432617188e-07
Tatweel Stretch,490,0,0.0
Tatweel Stretch,491,0,0.0
Tatweel Stretch,492,0,0.0
Tatweel Stretch,493,0,-1.7881393432617188e-07
Tatweel Stretch,494,0,0.0
Tatweel Stretch,495,0,-1.7881393432617188e-07
Tatweel Stretch,496,0,0.0
Tatweel Stretch,497,0,0.0
Tatweel Stretch,498,0,1.7881393432617188e-07
Tatweel Stretch,499,0,2.384185791015625e-07
Tatweel Stretch,500,0,0.0
Tatweel Stretch,501,0,0.0
Tatweel Stretch,502,0,0.0
Tatweel Stretch,503,0,2.980232238769531e-07
Tatweel Stretch,504,0,0.0
Tatweel Stretch,505,0,5.960464477539063e-08
Tatweel Stretch,506,0,1.7881393432617188e-07
Tatweel Stretch,507,0,-2.980232238769531e-07
Tatweel Stretch,508,0,0.0
Tatweel Stretch,509,0,0.0
Tatweel Stretch,510,0,-1.1920928955078125e-07
Tatweel Stretch,511,0,-1.1920928955078125e-07
Tatweel Stretch,512,0,0.0
Tatweel Stretch,513,0,0.0
Tatweel Stretch,514,0,0.0
Tatweel Stretch,515,0,0.0
Tatweel Stretch,516,0,2.980232238769531e-07
Tatweel Stretch,517,0,1.1920928955078125e-07
Tatweel Stretch,518,0,0.0
Tatweel Stretch,519,0,0.0
Tatweel Stretch,520,0,0.0
Tatweel Stretch,521,0,5.960464477539063e-08
Tatweel Stretch,522,0,0.0
Tatweel Stretch,523,0,1.1920928955078125e-07
Tatweel Stretch,524,0,2.384185791015625e-07
Tatweel Stretch,525,0,0.0
Tatweel Stretch,526,0,0.0
Tatweel Stretch,527,0,0.0
Tatweel Stretch,528,0,0.0
Tatweel Stretch,529,0,-3.5762786865234375e-07
Tatweel Stretch,530,0,0.0
Tatweel Stretch,531,0,-1.1920928955078125e-07
Tatweel Stretch,532,0,5.960464477539063e-08
Tatweel Stretch,533,0,0.0
Tatweel Stretch,534,0,-1.1920928955078125e-07
Tatweel Stretch,535,0,-1.1920928955078125e-07
Tatweel Stretch,536,0,-2.384185791015625e-07
Tatweel Stretch,537,0,0.0
Tatweel Stretch,538,0,0.0
Tatweel Stretch,539,0,-5.960464477539063e-08
Tatweel Stretch,540,0,0.0
Tatweel Stretch,541,0,1.7881393432617188e-07
Tatweel Stretch,542,0,0.0
Tatweel Stretch,543,0,-1.1920928955078125e-07
Tatweel Stretch,544,0,5.960464477539063e-08
Tatweel Stretch,545,0,-5.960464477539063e-08
Tatweel Stretch,546,0,0.0
Tatweel Stretch,547,0,0.0
Tatweel Stretch,548,0,0.0
Tatweel Stretch,549,0,0.0
Tatweel Stretch,550,0,0.0
Tatweel Stretch,551,0,0.0
Tatweel Stretch,552,0,0.0
Tatweel Stretch,553,0,-1.1920928955078125e-07
Tatweel Stretch,554,0,0.0
Tatweel Stretch,555,0,-1.1920928955078125e-07
Tatweel Stretch,556,0,0.0
Tatweel Stretch,557,0,0.0
Tatweel Stretch,558,0,0.0
Tatweel Stretch,559,0,0.0
Tatweel Stretch,560,0,0.0
Tatweel Stretch,561,0,0.0
Tatweel Stretch,562,0,0.0
Tatweel Stretch,563,0,-5.960464477539063e-08
Tatweel Stretch,564,0,0.0
Tatweel Stretch,565,0,0.0
Tatweel Stretch,566,0,2.384185791015625e-07
Tatweel Stretch,567,0,0.0
Tatweel Stretch,568,0,0.0
Tatweel Stretch,569,0,0.0
Tatweel Stretch,570,0,0.0
Tatweel Stretch,571,0,0.0
Tatweel Stretch,572,0,5.960464477539062e-07
Tatweel Stretch,573,0,0.0
Tatweel Stretch,574,0,0.0
Tatweel Stretch,575,0,0.0
Tatweel Stretch,576,0,0.0
Tatweel Stretch,577,0,1.1920928955078125e-07
Tatweel Stretch,578,0,-2.384185791015625e-07
Tatweel Stretch,579,0,0.0
Tatweel Stretch,580,0,0.0
Tatweel Stretch,581,0,-1.1920928955078125e-07
Tatweel Stretch,582,0,0.0
Tatweel Stretch,583,0,0.0
Tatweel Stretch,584,0,0.0
Tatweel Stretch,585,0,2.384185791015625e-07
Tatweel Stretch,586,0,-1.1920928955078125e-07
Tatweel Stretch,587,0,0.0
Tatweel Stretch,588,0,0.0
Tatweel Stretch,589,0,0.0
Tatweel Stretch,590,0,0.0
Tatweel Stretch,591,0,0.0
Tatweel Stretch,592,0,0.0
Tatweel Stretch,593,0,-1.1920928955078125e-07
Tatweel Stretch,594,0,5.960464477539063e-08
Tatweel Stretch,595,0,-1.1920928955078125e-07
Tatweel Stretch,596,0,-2.980232238769531e-07
Tatweel Stretch,597,0,6.556510925292969e-07
Tatweel Stretch,598,0,0.0
Tatweel Stretch,599,0,0.0
Zero-Width Chars,0,0,0.0023466944694519043
Zero-Width Chars,1,0,-0.0006475448608398438
Zero-Width Chars,2,0,0.008359313011169434
Zero-Width Chars,3,1,-0.027924299240112305
Zero-Width Chars,4,0,0.08271759748458862
Zero-Width Chars,5,0,0.015850961208343506
Zero-Width Chars,6,0,-0.11553317308425903
Zero-Width Chars,7,0,-0.029265642166137695
Zero-Width Chars,8,1,-0.21676599979400635
Zero-Width Chars,9,1,0.23525840044021606
Zero-Width Chars,10,1,-0.15779227018356323
Zero-Width Chars,11,0,-0.006312191486358643
Zero-Width Chars,12,0,0.19653671979904175
Zero-Width Chars,13,0,0.13227814435958862
Zero-Width Chars,14,0,0.4151546359062195
Zero-Width Chars,15,0,-0.0006840229034423828
Zero-Width Chars,16,0,0.001984119415283203
Zero-Width Chars,17,0,0.03536432981491089
Zero-Width Chars,18,0,0.23490750789642334
Zero-Width Chars,19,0,0.006959855556488037
Zero-Width Chars,20,0,-0.0014081597328186035
Zero-Width Chars,21,0,0.008346021175384521
Zero-Width Chars,22,0,0.23441082239151
Zero-Width Chars,23,0,-0.10196751356124878
Zero-Width Chars,24,0,0.02708590030670166
Zero-Width Chars,25,0,-0.011847615242004395
Zero-Width Chars,26,0,-0.04504060745239258
Zero-Width Chars,27,1,0.3193643093109131
Zero-Width Chars,28,0,0.025685429573059082
Zero-Width Chars,29,0,0.24818694591522217
Zero-Width Chars,30,0,-0.0047969818115234375
Zero-Width Chars,31,0,-0.0038986802101135254
Zero-Width Chars,32,0,0.008502840995788574
Zero-Width Chars,33,0,0.00567704439163208
Zero-Width Chars,34,1,-0.13552534580230713
Zero-Width Chars,35,0,-0.3790622353553772
Zero-Width Chars,36,1,-0.0028298497200012207
Zero-Width Chars,37,1,-0.2075963020324707
Zero-Width Chars,38,1,-0.05579018592834473
Zero-Width Chars,39,0,-0.33339303731918335
Zero-Width Chars,40,0,-0.19466936588287354
Zero-Width Chars,41,1,0.2603433132171631
Zero-Width Chars,42,0,-0.12619924545288086
Zero-Width Chars,43,0,-0.0141448974609375
Zero-Width Chars,44,0,-0.011816322803497314
Zero-Width Chars,45,0,0.03635281324386597
Zero-Width Chars,46,0,-0.010446250438690186
Zero-Width Chars,47,0,-0.036046385765075684
Zero-Width Chars,48,1,0.3354012966156006
Zero-Width Chars,49,0,-0.0007010698318481445
Zero-Width Chars,50,0,0.0027952194213867188
Zero-Width Chars,51,0,-0.10563212633132935
Zero-Width Chars,52,0,0.006501376628875732
Zero-Width Chars,53,0,0.053912997245788574
Zero-Width Chars,54,0,-0.011960327625274658
Zero-Width Chars,55,0,-0.005109429359436035
Zero-Width Chars,56,1,0.05553954839706421
Zero-Width Chars,57,0,-0.1025770902633667
Zero-Width Chars,58,0,-0.2951812744140625
Zero-Width Chars,59,0,0.0003560781478881836
Zero-Width Chars,60,0,-0.001203775405883789
Zero-Width Chars,61,0,-0.022803544998168945
Zero-Width Chars,62,0,0.006051182746887207
Zero-Width Chars,63,0,-0.0002745389938354492
Zero-Width Chars,64,0,-0.04566293954849243
Zero-Width Chars,65,1,0.1288105845451355
Zero-Width Chars,66,0,-0.024821996688842773
Zero-Width Chars,67,0,-0.00122147798538208
Zero-Width Chars,68,0,0.11462700366973877
Zero-Width Chars,69,0,-0.0025061368942260742
Zero-Width Chars,70,0,-0.2599913477897644
Zero-Width Chars,71,0,-0.023127377033233643
Zero-Width Chars,72,0,-0.20266640186309814
Zero-Width Chars,73,1,0.23590880632400513
Zero-Width Chars,74,0,-0.2571223974227905
Zero-Width Chars,75,0,-0.004964590072631836
Zero-Width Chars,76,0,-0.04983574151992798
Zero-Width Chars,77,0,-0.002996206283569336
Zero-Width Chars,78,0,0.000578463077545166
Zero-Width Chars,79,0,-0.20677471160888672
Zero-Width Chars,80,0,-0.012461960315704346
Zero-Width Chars,81,0,0.03084743022918701
Zero-Width Chars,82,0,-0.07524269819259644
Zero-Width Chars,83,0,-0.024394690990447998
Zero-Width Chars,84,1,-0.007696807384490967
Zero-Width Chars,85,0,-0.0059056878089904785
Zero-Width Chars,86,0,0.014728128910064697
Zero-Width Chars,87,0,-0.01893031597137451
Zero-Width Chars,88,0,0.12943261861801147
Zero-Width Chars,89,0,-0.24866706132888794
Zero-Width Chars,90,0,-0.026973605155944824
Zero-Width Chars,91,0,-0.017272114753723145
Zero-Width Chars,92,0,-0.01241999864578247
Zero-Width Chars,93,0,-0.08796840906143188
Zero-Width Chars,94,0,-0.024216949939727783
Zero-Width Chars,95,1,-0.0027295351028442383
Zero-Width Chars,96,0,-0.0028321146965026855
Zero-Width Chars,97,0,0.004607796669006348
Zero-Width Chars,98,0,-0.04393792152404785
Zero-Width Chars,99,0,-0.043028950691223145
Zero-Width Chars,100,0,-0.05168461799621582
Zero-Width Chars,101,0,-0.07170021533966064
Zero-Width Chars,102,0,-0.008207380771636963
Zero-Width Chars,103,0,-0.022708415985107422
Zero-Width Chars,104,0,-0.29003334045410156
Zero-Width Chars,105,0,-0.14639770984649658
Zero-Width Chars,106,0,-0.010270357131958008
Zero-Width Chars,107,0,-0.0008333921432495117
Zero-Width Chars,108,1,0.249447762966156
Zero-Width Chars,109,1,0.011512398719787598
Zero-Width Chars,110,0,-0.00011992454528808594
Zero-Width Chars,111,0,-0.10361588001251221
Zero-Width Chars,112,0,-0.050690650939941406
Zero-Width Chars,113,0,0.014699220657348633
Zero-Width Chars,114,1,0.09191977977752686
Zero-Width Chars,115,0,-0.014695703983306885
Zero-Width Chars,116,0,-0.00044089555740356445
Zero-Width Chars,117,0,-0.010434746742248535
Zero-Width Chars,118,0,-0.1313793659210205
Zero-Width Chars,119,0,-0.0058367252349853516
Zero-Width Chars,120,1,-0.04471468925476074
Zero-Width Chars,121,1,0.30108827352523804
Zero-Width Chars,122,0,-0.16991466283798218
Zero-Width Chars,123,0,-0.0051081180572509766
Zero-Width Chars,124,0,0.24371230602264404
Zero-Width Chars,125,0,-0.24230921268463135
Zero-Width Chars,126,0,0.06332975625991821
Zero-Width Chars,127,1,-0.1855350136756897
Zero-Width Chars,128,0,-0.0003324747085571289
Zero-Width Chars,129,0,-0.1339063048362732
Zero-Width Chars,130,0,-0.0674094557762146
Zero-Width Chars,131,1,-0.018905460834503174
Zero-Width Chars,132,0,-0.036310672760009766
Zero-Width Chars,133,0,-0.388522207736969
Zero-Width Chars,134,0,0.0029375553131103516
Zero-Width Chars,135,0,-0.00045490264892578125
Zero-Width Chars,136,0,-0.052042245864868164
Zero-Width Chars,137,0,-0.20175015926361084
Zero-Width Chars,138,0,0.001965463161468506
Zero-Width Chars,139,0,-0.0061972737312316895
Zero-Width Chars,140,0,-0.00012814998626708984
Zero-Width Chars,141,0,0.35650497674942017
Zero-Width Chars,142,0,0.004836738109588623
Zero-Width Chars,143,0,0.0055620670318603516
Zero-Width Chars,144,0,0.11044150590896606
Zero-Width Chars,145,0,-0.020566046237945557
Zero-Width Chars,146,0,-0.016797006130218506
Zero-Width Chars,147,0,-0.03742372989654541
Zero-Width Chars,148,0,-0.001835942268371582
Zero-Width Chars,149,0,0.0584179162979126
Zero-Width Chars,150,0,0.24846243858337402
Zero-Width Chars,151,0,-0.0030382871627807617
Zero-Width Chars,152,0,-0.16124528646469116
Zero-Width Chars,153,0,0.00022202730178833008
Zero-Width Chars,154,0,-0.00749969482421875
Zero-Width Chars,155,0,-0.18495231866836548
Zero-Width Chars,156,0,-0.033386409282684326
Zero-Width Chars,157,0,0.04538851976394653
Zero-Width Chars,158,0,-0.0036519765853881836
Zero-Width Chars,159,0,-0.17175257205963135
Zero-Width Chars,160,0,-0.004146873950958252
Zero-Width Chars,161,0,-0.0012589693069458008
Zero-Width Chars,162,0,0.336245596408844
Zero-Width Chars,163,1,0.3639949560165405
Zero-Width Chars,164,0,0.006937384605407715
Zero-Width Chars,165,0,-0.08019423484802246
Zero-Width Chars,166,0,-0.003232240676879883
Zero-Width Chars,167,0,-0.0022475123405456543
Zero-Width Chars,168,0,0.015423953533172607
Zero-Width Chars,169,0,-0.001676797866821289
Zero-Width Chars,170,0,-0.0010141730308532715
Zero-Width Chars,171,0,-0.10928124189376831
Zero-Width Chars,172,0,0.0008921027183532715
Zero-Width Chars,173,0,-0.0315365195274353
Zero-Width Chars,174,0,0.29532575607299805
Zero-Width Chars,175,0,-0.10621726512908936
Zero-Width Chars,176,0,-0.04145658016204834
Zero-Width Chars,177,1,-0.34582316875457764
Zero-Width Chars,178,0,0.18144959211349487
Zero-Width Chars,179,0,-0.0014189481735229492
Zero-Width Chars,180,0,0.05059605836868286
Zero-Width Chars,181,0,-0.0347592830657959
Zero-Width Chars,182,0,-0.007230818271636963
Zero-Width Chars,183,0,-0.010095775127410889
Zero-Width Chars,184,0,-0.0004951953887939453
Zero-Width Chars,185,1,-0.29086732864379883
Zero-Width Chars,186,0,-0.12967389822006226
Zero-Width Chars,187,1,0.3455948829650879
Zero-Width Chars,188,0,0.030833899974822998
Zero-Width Chars,189,0,-0.0023221373558044434
Zero-Width Chars,190,0,0.0933237075805664
Zero-Width Chars,191,1,0.22980105876922607
Zero-Width Chars,192,0,0.04303634166717529
Zero-Width Chars,193,1,-0.35039180517196655
Zero-Width Chars,194,0,-0.063434898853302
Zero-Width Chars,195,0,0.04096323251724243
Zero-Width Chars,196,0,-0.0007736086845397949
Zero-Width Chars,197,0,-0.0012125968933105469
Zero-Width Chars,198,0,0.1670079231262207
Zero-Width Chars,199,0,0.018790066242218018
Zero-Width Chars,200,0,-0.012488484382629395
Zero-Width Chars,201,0,-0.3391227126121521
Zero-Width Chars,202,0,0.007557094097137451
Zero-Width Chars,203,0,-0.05234968662261963
Zero-Width Chars,204,0,-0.09766143560409546
Zero-Width Chars,205,0,-0.0016778111457824707
Zero-Width Chars,206,0,0.037580251693725586
Zero-Width Chars,207,0,-0.03083491325378418
Zero-Width Chars,208,1,0.28165119886398315
Zero-Width Chars,209,0,-0.20444715023040771
Zero-Width Chars,210,0,-0.016217947006225586
Zero-Width Chars,211,1,-0.13734591007232666
Zero-Width Chars,212,0,-0.0019415616989135742
Zero-Width Chars,213,0,0.0002967715263366699
Zero-Width Chars,214,1,0.33291882276535034
Zero-Width Chars,215,0,0.08353209495544434
Zero-Width Chars,216,0,0.0034412741661071777
Zero-Width Chars,217,0,-0.004042685031890869
Zero-Width Chars,218,0,-0.053225576877593994
Zero-Width Chars,219,0,-0.003275156021118164
Zero-Width Chars,220,0,0.0004451870918273926
Zero-Width Chars,221,0,0.03113102912902832
Zero-Width Chars,222,0,-0.23187607526779175
Zero-Width Chars,223,0,-0.05557817220687866
Zero-Width Chars,224,1,-0.036670684814453125
Zero-Width Chars,225,0,-0.048328280448913574
Zero-Width Chars,226,1,0.36267656087875366
Zero-Width Chars,227,0,-1.150369644165039e-05
Zero-Width Chars,228,0,0.017026007175445557
Zero-Width Chars,229,1,0.09523695707321167
Zero-Width Chars,230,0,-0.0025873184204101562
Zero-Width Chars,231,0,0.00028717517852783203
Zero-Width Chars,232,0,-0.011113405227661133
Zero-Width Chars,233,0,-0.029240727424621582
Zero-Width Chars,234,0,-0.2105388045310974
Zero-Width Chars,235,0,-0.24122744798660278
Zero-Width Chars,236,0,0.011729061603546143
Zero-Width Chars,237,0,-0.014523744583129883
Zero-Width Chars,238,0,-0.043437182903289795
Zero-Width Chars,239,0,0.007216274738311768
Zero-Width Chars,240,0,-0.34370654821395874
Zero-Width Chars,241,0,-0.044846177101135254
Zero-Width Chars,242,0,0.012341678142547607
Zero-Width Chars,243,0,-0.012208163738250732
Zero-Width Chars,244,0,-0.01974385976791382
Zero-Width Chars,245,0,-0.03828299045562744
Zero-Width Chars,246,0,0.3578323721885681
Zero-Width Chars,247,0,0.013732492923736572
Zero-Width Chars,248,1,-0.11659467220306396
Zero-Width Chars,249,1,-0.2525283098220825
Zero-Width Chars,250,0,-0.17056041955947876
Zero-Width Chars,251,0,-0.001710355281829834
Zero-Width Chars,252,0,-0.07227730751037598
Zero-Width Chars,253,0,0.41198599338531494
Zero-Width Chars,254,0,0.0002904534339904785
Zero-Width Chars,255,0,-0.010340511798858643
Zero-Width Chars,256,0,0.018166005611419678
Zero-Width Chars,257,0,-0.004442095756530762
Zero-Width Chars,258,0,0.08608198165893555
Zero-Width Chars,259,0,-0.07475060224533081
Zero-Width Chars,260,0,0.023267388343811035
Zero-Width Chars,261,0,-0.08471155166625977
Zero-Width Chars,262,0,0.3715953826904297
Zero-Width Chars,263,0,0.025480329990386963
Zero-Width Chars,264,1,-0.09277832508087158
Zero-Width Chars,265,0,-0.15682029724121094
Zero-Width Chars,266,0,-0.0019435286521911621
Zero-Width Chars,267,1,0.0027341246604919434
Zero-Width Chars,268,0,-0.3704785704612732
Zero-Width Chars,269,0,-0.0004343390464782715
Zero-Width Chars,270,0,0.01975250244140625
Zero-Width Chars,271,1,-0.01833951473236084
Zero-Width Chars,272,0,-0.12418681383132935
Zero-Width Chars,273,0,-0.004295945167541504
Zero-Width Chars,274,0,0.006711483001708984
Zero-Width Chars,275,0,0.014321208000183105
Zero-Width Chars,276,0,0.032223403453826904
Zero-Width Chars,277,0,-0.022198855876922607
Zero-Width Chars,278,0,0.27739548683166504
Zero-Width Chars,279,0,-0.08053022623062134
Zero-Width Chars,280,0,0.0009470582008361816
Zero-Width Chars,281,0,-0.007980704307556152
Zero-Width Chars,282,0,-0.0035195350646972656
Zero-Width Chars,283,0,-0.02677464485168457
Zero-Width Chars,284,0,-0.09921711683273315
Zero-Width Chars,285,0,-0.26070189476013184
Zero-Width Chars,286,0,-0.0059462785720825195
Zero-Width Chars,287,0,-0.002049684524536133
Zero-Width Chars,288,0,-0.0005822181701660156
Zero-Width Chars,289,0,0.00714111328125
Zero-Width Chars,290,0,-0.0012499690055847168
Zero-Width Chars,291,0,-0.10447162389755249
Zero-Width Chars,292,0,-0.0876626968383789
Zero-Width Chars,293,0,-0.07401317358016968
Zero-Width Chars,294,0,0.05905944108963013
Zero-Width Chars,295,0,-0.018277883529663086
Zero-Width Chars,296,1,-0.05995231866836548
Zero-Width Chars,297,0,-0.004534542560577393
Zero-Width Chars,298,0,-0.00488126277923584
Zero-Width Chars,299,1,-0.20869886875152588
Zero-Width Chars,300,0,0.0004070401191711426
Zero-Width Chars,301,0,-0.15293341875076294
Zero-Width Chars,302,0,0.001155078411102295
Zero-Width Chars,303,0,0.04126614332199097
Zero-Width Chars,304,0,-0.15765219926834106
Zero-Width Chars,305,0,-0.23839348554611206
Zero-Width Chars,306,0,-0.002734363079071045
Zero-Width Chars,307,0,-0.0005753636360168457
Zero-Width Chars,308,0,-0.05114543437957764
Zero-Width Chars,309,0,0.020509958267211914
Zero-Width Chars,310,0,-0.257071316242218
Zero-Width Chars,311,0,-0.16358786821365356
Zero-Width Chars,312,0,-0.025859713554382324
Zero-Width Chars,313,0,0.05500990152359009
Zero-Width Chars,314,0,-0.0014961957931518555
Zero-Width Chars,315,0,-0.11386966705322266
Zero-Width Chars,316,0,-0.06771600246429443
Zero-Width Chars,317,0,2.849102020263672e-05
Zero-Width Chars,318,0,-0.10307097434997559
Zero-Width Chars,319,0,-0.25512683391571045
Zero-Width Chars,320,0,-0.1304073929786682
Zero-Width Chars,321,0,0.13912945985794067
Zero-Width Chars,322,0,-0.01107943058013916
Zero-Width Chars,323,1,0.3533408045768738
Zero-Width Chars,324,0,-0.025474846363067627
Zero-Width Chars,325,0,-0.0009269118309020996
Zero-Width Chars,326,0,-0.06251120567321777
Zero-Width Chars,327,0,-0.0036602020263671875
Zero-Width Chars,328,1,-0.05848956108093262
Zero-Width Chars,329,0,-0.19052338600158691
Zero-Width Chars,330,0,-0.013349175453186035
Zero-Width Chars,331,0,-0.01141357421875
Zero-Width Chars,332,1,0.17372041940689087
Zero-Width Chars,333,0,-0.02599424123764038
Zero-Width Chars,334,0,-0.3959959149360657
Zero-Width Chars,335,1,0.3343106508255005
Zero-Width Chars,336,0,0.004360616207122803
Zero-Width Chars,337,0,-0.0051004886627197266
Zero-Width Chars,338,0,-0.004323899745941162
Zero-Width Chars,339,0,-0.04310250282287598
Zero-Width Chars,340,0,-0.000826418399810791
Zero-Width Chars,341,0,-0.037128984928131104
Zero-Width Chars,342,0,-0.017715752124786377
Zero-Width Chars,343,0,-0.014566600322723389
Zero-Width Chars,344,0,-0.0761900544166565
Zero-Width Chars,345,0,0.037589311599731445
Zero-Width Chars,346,1,-0.14330929517745972
Zero-Width Chars,347,0,-0.0017138123512268066
Zero-Width Chars,348,0,-0.32149314880371094
Zero-Width Chars,349,0,0.34169280529022217
Zero-Width Chars,350,0,-0.0041258931159973145
Zero-Width Chars,351,0,0.0008359551429748535
Zero-Width Chars,352,0,0.006937146186828613
Zero-Width Chars,353,0,0.14181363582611084
Zero-Width Chars,354,0,-0.03234457969665527
Zero-Width Chars,355,1,0.08424782752990723
Zero-Width Chars,356,0,-0.01831996440887451
Zero-Width Chars,357,1,0.3200286030769348
Zero-Width Chars,358,0,-0.01238340139389038
Zero-Width Chars,359,1,0.07482606172561646
Zero-Width Chars,360,0,-0.01631474494934082
Zero-Width Chars,361,0,-0.04053622484207153
Zero-Width Chars,362,0,-0.005057394504547119
Zero-Width Chars,363,0,-0.018144428730010986
Zero-Width Chars,364,1,-0.11005890369415283
Zero-Width Chars,365,1,-0.001122593879699707
Zero-Width Chars,366,1,0.44673484563827515
Zero-Width Chars,367,0,-0.08095389604568481
Zero-Width Chars,368,0,-0.04118257761001587
Zero-Width Chars,369,0,-0.16479969024658203
Zero-Width Chars,370,0,0.021576642990112305
Zero-Width Chars,371,0,0.03292137384414673
Zero-Width Chars,372,0,0.1720103621482849
Zero-Width Chars,373,1,-0.27956926822662354
Zero-Width Chars,374,0,-0.04329758882522583
Zero-Width Chars,375,1,0.18756145238876343
Zero-Width Chars,376,0,0.07332319021224976
Zero-Width Chars,377,0,-0.14490753412246704
Zero-Width Chars,378,0,-0.11265790462493896
Zero-Width Chars,379,1,0.11781817674636841
Zero-Width Chars,380,0,-0.005376696586608887
Zero-Width Chars,381,0,0.004818737506866455
Zero-Width Chars,382,1,-0.11114513874053955
Zero-Width Chars,383,0,0.005025982856750488
Zero-Width Chars,384,0,-0.17386877536773682
Zero-Width Chars,385,0,-0.016562938690185547
Zero-Width Chars,386,0,-0.25475168228149414
Zero-Width Chars,387,0,0.0023505091667175293
Zero-Width Chars,388,0,0.026418626308441162
Zero-Width Chars,389,0,-0.33304810523986816
Zero-Width Chars,390,0,-0.2931942939758301
Zero-Width Chars,391,0,-0.2863650321960449
Zero-Width Chars,392,0,0.004375278949737549
Zero-Width Chars,393,0,-0.14260435104370117
Zero-Width Chars,394,1,-0.07631641626358032
Zero-Width Chars,395,0,0.05405539274215698
Zero-Width Chars,396,0,0.00883108377456665
Zero-Width Chars,397,0,-0.2782899737358093
Zero-Width Chars,398,0,-0.4126959443092346
Zero-Width Chars,399,0,-0.07348191738128662
Zero-Width Chars,400,0,-0.06774556636810303
Zero-Width Chars,401,0,-0.11514228582382202
Zero-Width Chars,402,0,-0.030203819274902344
Zero-Width Chars,403,0,-0.0054512619972229
Zero-Width Chars,404,0,-0.02502363920211792
Zero-Width Chars,405,0,0.0017094612121582031
Zero-Width Chars,406,0,-0.06579560041427612
Zero-Width Chars,407,1,-0.27419745922088623
Zero-Width Chars,408,1,-0.07949376106262207
Zero-Width Chars,409,0,-0.019805490970611572
Zero-Width Chars,410,0,-0.011148810386657715
Zero-Width Chars,411,0,-0.001764535903930664
Zero-Width Chars,412,0,-3.254413604736328e-05
Zero-Width Chars,413,1,-0.4515235424041748
Zero-Width Chars,414,1,0.33814316987991333
Zero-Width Chars,415,0,-0.06295984983444214
Zero-Width Chars,416,0,-0.003644406795501709
Zero-Width Chars,417,0,-0.005367100238800049
Zero-Width Chars,418,0,0.0030751824378967285
Zero-Width Chars,419,1,0.2705705761909485
Zero-Width Chars,420,0,-0.030306339263916016
Zero-Width Chars,421,0,-0.031096994876861572
Zero-Width Chars,422,0,-0.12870991230010986
Zero-Width Chars,423,0,-0.19399386644363403
Zero-Width Chars,424,0,-0.09060370922088623
Zero-Width Chars,425,0,-0.014439284801483154
Zero-Width Chars,426,1,-0.45671606063842773
Zero-Width Chars,427,0,-0.11860883235931396
Zero-Width Chars,428,0,0.03331094980239868
Zero-Width Chars,429,0,-0.041130661964416504
Zero-Width Chars,430,0,0.0922921895980835
Zero-Width Chars,431,0,0.0631144642829895
Zero-Width Chars,432,0,0.007033586502075195
Zero-Width Chars,433,0,0.03414309024810791
Zero-Width Chars,434,0,-0.05810517072677612
Zero-Width Chars,435,0,-0.0021007657051086426
Zero-Width Chars,436,0,-0.005149364471435547
Zero-Width Chars,437,0,-0.001284778118133545
Zero-Width Chars,438,0,0.0007041096687316895
Zero-Width Chars,439,0,0.37376731634140015
Zero-Width Chars,440,0,0.03405332565307617
Zero-Width Chars,441,0,0.07889771461486816
Zero-Width Chars,442,0,-0.036092162132263184
Zero-Width Chars,443,0,-0.004013657569885254
Zero-Width Chars,444,1,0.26435303688049316
Zero-Width Chars,445,0,-0.04478877782821655
Zero-Width Chars,446,0,-0.4051884412765503
Zero-Width Chars,447,0,0.0023125410079956055
Zero-Width Chars,448,0,-0.020843029022216797
Zero-Width Chars,449,0,-0.30476146936416626
Zero-Width Chars,450,0,-0.0001061558723449707
Zero-Width Chars,451,1,-0.20502567291259766
Zero-Width Chars,452,0,-0.12618595361709595
Zero-Width Chars,453,1,-0.050643980503082275
Zero-Width Chars,454,0,0.0379713773727417
Zero-Width Chars,455,1,-0.448802649974823
Zero-Width Chars,456,1,0.14820903539657593
Zero-Width Chars,457,0,0.0004961490631103516
Zero-Width Chars,458,0,-0.0020137429237365723
Zero-Width Chars,459,0,-0.006053745746612549
Zero-Width Chars,460,0,-0.007682740688323975
Zero-Width Chars,461,0,-0.008046388626098633
Zero-Width Chars,462,0,-0.07104343175888062
Zero-Width Chars,463,0,-0.21359026432037354
Zero-Width Chars,464,0,-0.003920435905456543
Zero-Width Chars,465,0,-0.019788801670074463
Zero-Width Chars,466,0,-0.0073857903480529785
Zero-Width Chars,467,0,-0.03664213418960571
Zero-Width Chars,468,0,-0.09967011213302612
Zero-Width Chars,469,0,0.009564697742462158
Zero-Width Chars,470,0,-0.29521089792251587
Zero-Width Chars,471,0,-0.04775422811508179
Zero-Width Chars,472,1,0.021480083465576172
Zero-Width Chars,473,0,0.007568478584289551
Zero-Width Chars,474,1,-0.08847743272781372
Zero-Width Chars,475,0,-0.2347710132598877
Zero-Width Chars,476,1,-0.37519705295562744
Zero-Width Chars,477,0,-0.23601031303405762
Zero-Width Chars,478,0,0.18957918882369995
Zero-Width Chars,479,0,-0.13742852210998535
Zero-Width Chars,480,0,-0.14797037839889526
Zero-Width Chars,481,0,-0.002312183380126953
Zero-Width Chars,482,0,-0.021457195281982422
Zero-Width Chars,483,0,-0.003287672996520996
Zero-Width Chars,484,0,-0.06374800205230713
Zero-Width Chars,485,0,-0.13910019397735596
Zero-Width Chars,486,0,-0.025672733783721924
Zero-Width Chars,487,0,-0.12599307298660278
Zero-Width Chars,488,1,0.33016258478164673
Zero-Width Chars,489,1,0.01972377300262451
Zero-Width Chars,490,0,-0.08081263303756714
Zero-Width Chars,491,0,-0.10106736421585083
Zero-Width Chars,492,0,0.002532780170440674
Zero-Width Chars,493,0,0.24848079681396484
Zero-Width Chars,494,0,0.03779083490371704
Zero-Width Chars,495,0,0.08509176969528198
Zero-Width Chars,496,0,-0.000577390193939209
Zero-Width Chars,497,0,2.2590160369873047e-05
Zero-Width Chars,498,1,-0.2451598048210144
Zero-Width Chars,499,0,-0.1753901243209839
Zero-Width Chars,500,0,-0.02283388376235962
Zero-Width Chars,501,0,-0.12297695875167847
Zero-Width Chars,502,0,-0.008764982223510742
Zero-Width Chars,503,1,0.22732645273208618
Zero-Width Chars,504,0,-0.0008625388145446777
Zero-Width Chars,505,0,0.014530360698699951
Zero-Width Chars,506,0,0.07998239994049072
Zero-Width Chars,507,0,0.17093539237976074
Zero-Width Chars,508,0,-0.04413717985153198
Zero-Width Chars,509,0,0.02763265371322632
Zero-Width Chars,510,0,0.004329204559326172
Zero-Width Chars,511,0,-0.14541757106781006
Zero-Width Chars,512,0,-0.021481752395629883
Zero-Width Chars,513,1,-0.3991037607192993
Zero-Width Chars,514,0,0.0074079036712646484
Zero-Width Chars,515,0,-0.007668673992156982
Zero-Width Chars,516,0,0.1174612045288086
Zero-Width Chars,517,0,-0.01670992374420166
Zero-Width Chars,518,0,-0.0014404654502868652
Zero-Width Chars,519,0,-0.04175621271133423
Zero-Width Chars,520,0,0.06387829780578613
Zero-Width Chars,521,0,-0.24317049980163574
Zero-Width Chars,522,0,-0.3587726354598999
Zero-Width Chars,523,0,-0.06572705507278442
Zero-Width Chars,524,0,0.16838479042053223
Zero-Width Chars,525,0,-0.0009269118309020996
Zero-Width Chars,526,0,-0.0539015531539917
Zero-Width Chars,527,0,-0.010626614093780518
Zero-Width Chars,528,0,-0.03397899866104126
Zero-Width Chars,529,0,0.36781585216522217
Zero-Width Chars,530,0,-0.321652352809906
Zero-Width Chars,531,0,0.2956860661506653
Zero-Width Chars,532,0,-0.34662139415740967
Zero-Width Chars,533,0,0.0036974549293518066
Zero-Width Chars,534,0,-0.18778300285339355
Zero-Width Chars,535,1,-0.20975100994110107
Zero-Width Chars,536,0,0.007420241832733154
Zero-Width Chars,537,0,-0.13435286283493042
Zero-Width Chars,538,0,0.012170553207397461
Zero-Width Chars,539,1,0.21814221143722534
Zero-Width Chars,540,0,0.0008525848388671875
Zero-Width Chars,541,0,0.09463351964950562
Zero-Width Chars,542,0,-0.05772930383682251
Zero-Width Chars,543,1,-0.003463566303253174
Zero-Width Chars,544,0,-0.028721332550048828
Zero-Width Chars,545,1,-0.2369978427886963
Zero-Width Chars,546,0,-0.0036995410919189453
Zero-Width Chars,547,0,0.001407623291015625
Zero-Width Chars,548,1,0.009918212890625
Zero-Width Chars,549,0,-0.014553487300872803
Zero-Width Chars,550,0,-0.1296941637992859
Zero-Width Chars,551,0,0.008328080177307129
Zero-Width Chars,552,0,-0.15694427490234375
Zero-Width Chars,553,0,-0.10884380340576172
Zero-Width Chars,554,0,0.005474448204040527
Zero-Width Chars,555,1,0.055985093116760254
Zero-Width Chars,556,0,0.1129831075668335
Zero-Width Chars,557,0,-0.06394189596176147
Zero-Width Chars,558,0,-0.001278698444366455
Zero-Width Chars,559,0,-0.0011858344078063965
Zero-Width Chars,560,0,-0.013723671436309814
Zero-Width Chars,561,0,0.014318227767944336
Zero-Width Chars,562,1,-0.4551730751991272
Zero-Width Chars,563,0,-0.13229817152023315
Zero-Width Chars,564,0,-0.3029754161834717
Zero-Width Chars,565,0,0.0028066635131835938
Zero-Width Chars,566,0,-0.01813894510269165
Zero-Width Chars,567,0,-0.2876341938972473
Zero-Width Chars,568,0,-0.13086837530136108
Zero-Width Chars,569,0,-0.03620332479476929
Zero-Width Chars,570,0,0.01990211009979248
Zero-Width Chars,571,0,-0.001810908317565918
Zero-Width Chars,572,1,0.1278167963027954
Zero-Width Chars,573,0,-0.004317522048950195
Zero-Width Chars,574,1,-0.3412019610404968
Zero-Width Chars,575,0,-0.1429721713066101
Zero-Width Chars,576,0,-0.009172916412353516
Zero-Width Chars,577,1,0.2356318235397339
Zero-Width Chars,578,0,0.2571578025817871
Zero-Width Chars,579,0,0.01022416353225708
Zero-Width Chars,580,0,-0.27514106035232544
Zero-Width Chars,581,0,-0.18386787176132202
Zero-Width Chars,582,0,-0.003591001033782959
Zero-Width Chars,583,0,-0.007730007171630859
Zero-Width Chars,584,0,-0.25181901454925537
Zero-Width Chars,585,0,0.21221786737442017
Zero-Width Chars,586,0,0.0031880736351013184
Zero-Width Chars,587,0,-0.045581042766571045
Zero-Width Chars,588,0,-0.009663283824920654
Zero-Width Chars,589,0,-0.01069176197052002
Zero-Width Chars,590,0,-0.005352973937988281
Zero-Width Chars,591,0,-0.12498927116394043
Zero-Width Chars,592,0,-0.0058362483978271484
Zero-Width Chars,593,1,0.24666154384613037
Zero-Width Chars,594,0,-0.07326614856719971
Zero-Width Chars,595,0,-0.02880728244781494
Zero-Width Chars,596,0,-0.2120283842086792
Zero-Width Chars,597,0,0.18627017736434937
Zero-Width Chars,598,0,-0.0008275508880615234
Zero-Width Chars,599,0,0.0019652843475341797
Synonym Substitution,0,0,0.0
Synonym Substitution,1,0,0.0
Synonym Substitution,2,0,0.0
Synonym Substitution,3,0,1.7881393432617188e-07
Synonym Substitution,4,0,0.0
Synonym Substitution,5,0,-5.960464477539063e-08
Synonym Substitution,6,0,-5.960464477539063e-08
Synonym Substitution,7,0,0.0
Synonym Substitution,8,0,-2.980232238769531e-07
Synonym Substitution,9,0,0.0
Synonym Substitution,10,0,0.014112770557403564
Synonym Substitution,11,0,0.0
Synonym Substitution,12,0,0.04250478744506836
Synonym Substitution,13,0,1.7881393432617188e-07
Synonym Substitution,14,0,-1.7881393432617188e-07
Synonym Substitution,15,0,0.0
Synonym Substitution,16,0,0.00031763315200805664
Synonym Substitution,17,0,-5.960464477539063e-08
Synonym Substitution,18,0,-5.960464477539063e-08
Synonym Substitution,19,0,0.0
Synonym Substitution,20,0,0.0
Synonym Substitution,21,0,0.0
Synonym Substitution,22,0,-0.011882185935974121
Synonym Substitution,23,0,0.0
Synonym Substitution,24,0,0.0
Synonym Substitution,25,0,0.0
Synonym Substitution,26,0,0.0
Synonym Substitution,27,0,-1.7881393432617188e-07
Synonym Substitution,28,0,-0.0051964521408081055
Synonym Substitution,29,0,5.960464477539063e-08
Synonym Substitution,30,0,0.0
Synonym Substitution,31,0,0.0
Synonym Substitution,32,0,-0.01651829481124878
Synonym Substitution,33,0,0.0
Synonym Substitution,34,0,2.384185791015625e-07
Synonym Substitution,35,0,0.0
Synonym Substitution,36,0,0.0
Synonym Substitution,37,0,-1.1920928955078125e-07
Synonym Substitution,38,0,0.02618950605392456
Synonym Substitution,39,0,0.00029271841049194336
Synonym Substitution,40,0,-5.960464477539063e-08
Synonym Substitution,41,0,-0.050802648067474365
Synonym Substitution,42,0,0.0134316086769104
Synonym Substitution,43,0,0.0
Synonym Substitution,44,0,-0.00025790929794311523
Synonym Substitution,45,0,-2.980232238769531e-07
Synonym Substitution,46,0,0.0018973350524902344
Synonym Substitution,47,0,0.0
Synonym Substitution,48,0,-9.5367431640625e-07
Synonym Substitution,49,0,0.0
Synonym Substitution,50,0,0.0
Synonym Substitution,51,0,0.0
Synonym Substitution,52,0,0.0
Synonym Substitution,53,0,0.0
Synonym Substitution,54,0,0.0
Synonym Substitution,55,0,-0.016897737979888916
Synonym Substitution,56,0,-5.960464477539063e-08
Synonym Substitution,57,0,-5.960464477539063e-08
Synonym Substitution,58,0,0.00045359134674072266
Synonym Substitution,59,0,0.00011897087097167969
Synonym Substitution,60,0,-0.000246584415435791
Synonym Substitution,61,0,1.1920928955078125e-07
Synonym Substitution,62,0,0.0
Synonym Substitution,63,0,0.0
Synonym Substitution,64,0,-0.001413583755493164
Synonym Substitution,65,0,-0.011027634143829346
Synonym Substitution,66,0,1.7881393432617188e-07
Synonym Substitution,67,0,0.0
Synonym Substitution,68,0,1.1920928955078125e-07
Synonym Substitution,69,0,1.1920928955078125e-07
Synonym Substitution,70,0,0.0
Synonym Substitution,71,0,0.00015681982040405273
Synonym Substitution,72,0,0.0
Synonym Substitution,73,0,1.1920928955078125e-07
Synonym Substitution,74,0,0.0
Synonym Substitution,75,0,-0.00022840499877929688
Synonym Substitution,76,0,0.0
Synonym Substitution,77,0,0.0
Synonym Substitution,78,0,0.0
Synonym Substitution,79,0,5.960464477539063e-08
Synonym Substitution,80,0,-1.1920928955078125e-07
Synonym Substitution,81,0,0.0
Synonym Substitution,82,0,0.008239924907684326
Synonym Substitution,83,0,0.0
Synonym Substitution,84,0,-5.960464477539063e-08
Synonym Substitution,85,0,0.0
Synonym Substitution,86,0,0.0
Synonym Substitution,87,0,0.0
Synonym Substitution,88,0,-4.172325134277344e-07
Synonym Substitution,89,0,0.0006892681121826172
Synonym Substitution,90,0,0.0
Synonym Substitution,91,0,0.0
Synonym Substitution,92,0,0.0
Synonym Substitution,93,0,1.1920928955078125e-07
Synonym Substitution,94,0,0.0
Synonym Substitution,95,0,3.5762786865234375e-07
Synonym Substitution,96,0,0.0
Synonym Substitution,97,0,-0.0009530186653137207
Synonym Substitution,98,0,1.7881393432617188e-07
Synonym Substitution,99,0,2.980232238769531e-07
Synonym Substitution,100,0,0.001757204532623291
Synonym Substitution,101,0,0.0
Synonym Substitution,102,0,0.0
Synonym Substitution,103,0,0.0
Synonym Substitution,104,0,0.009967207908630371
Synonym Substitution,105,0,0.0
Synonym Substitution,106,0,0.0
Synonym Substitution,107,0,0.0
Synonym Substitution,108,0,7.748603820800781e-07
Synonym Substitution,109,0,0.020222246646881104
Synonym Substitution,110,0,0.0
Synonym Substitution,111,0,0.0
Synonym Substitution,112,0,-1.1920928955078125e-07
Synonym Substitution,113,0,0.004046142101287842
Synonym Substitution,114,0,-5.960464477539063e-08
Synonym Substitution,115,0,0.0
Synonym Substitution,116,0,0.0
Synonym Substitution,117,0,0.0
Synonym Substitution,118,0,-0.02972334623336792
Synonym Substitution,119,0,-9.465217590332031e-05
Synonym Substitution,120,0,5.960464477539063e-08
Synonym Substitution,121,0,-1.1920928955078125e-07
Synonym Substitution,122,0,0.008417844772338867
Synonym Substitution,123,0,0.0
Synonym Substitution,124,0,0.016686558723449707
Synonym Substitution,125,0,5.960464477539063e-08
Synonym Substitution,126,0,-1.1920928955078125e-07
Synonym Substitution,127,0,3.5762786865234375e-07
Synonym Substitution,128,0,0.0
Synonym Substitution,129,0,1.7881393432617188e-07
Synonym Substitution,130,0,-4.9591064453125e-05
Synonym Substitution,131,0,0.22490441799163818
Synonym Substitution,132,0,0.0
Synonym Substitution,133,0,1.1920928955078125e-07
Synonym Substitution,134,0,0.0
Synonym Substitution,135,0,0.0
Synonym Substitution,136,0,0.0
Synonym Substitution,137,0,0.0
Synonym Substitution,138,0,0.0
Synonym Substitution,139,0,0.0
Synonym Substitution,140,0,0.0
Synonym Substitution,141,0,-6.556510925292969e-07
Synonym Substitution,142,0,0.0
Synonym Substitution,143,0,0.0
Synonym Substitution,144,0,-1.7881393432617188e-07
Synonym Substitution,145,0,0.0
Synonym Substitution,146,0,0.0
Synonym Substitution,147,0,0.0
Synonym Substitution,148,0,5.0008296966552734e-05
Synonym Substitution,149,0,0.0
Synonym Substitution,150,0,-5.960464477539063e-08
Synonym Substitution,151,0,0.0
Synonym Substitution,152,0,-1.1920928955078125e-07
Synonym Substitution,153,0,0.0
Synonym Substitution,154,0,0.0
Synonym Substitution,155,0,0.003386974334716797
Synonym Substitution,156,0,0.000648796558380127
Synonym Substitution,157,0,8.940696716308594e-07
Synonym Substitution,158,0,0.0
Synonym Substitution,159,0,0.0
Synonym Substitution,160,0,0.0
Synonym Substitution,161,0,0.0
Synonym Substitution,162,0,-5.960464477539062e-07
Synonym Substitution,163,0,1.0132789611816406e-06
Synonym Substitution,164,0,0.0
Synonym Substitution,165,0,0.0
Synonym Substitution,166,0,0.0
Synonym Substitution,167,0,0.0
Synonym Substitution,168,0,0.0
Synonym Substitution,169,0,0.0
Synonym Substitution,170,0,0.0
Synonym Substitution,171,0,-0.009947001934051514
Synonym Substitution,172,0,0.0
Synonym Substitution,173,0,1.1920928955078125e-07
Synonym Substitution,174,0,-1.1920928955078125e-07
Synonym Substitution,175,0,0.008992612361907959
Synonym Substitution,176,0,0.0
Synonym Substitution,177,0,1.1920928955078125e-07
Synonym Substitution,178,0,1.1920928955078125e-06
Synonym Substitution,179,0,0.0
Synonym Substitution,180,0,0.0
Synonym Substitution,181,0,1.7881393432617188e-07
Synonym Substitution,182,0,0.0011284947395324707
Synonym Substitution,183,0,0.0
Synonym Substitution,184,0,0.0
Synonym Substitution,185,0,-0.02110469341278076
Synonym Substitution,186,0,0.0
Synonym Substitution,187,0,0.041456401348114014
Synonym Substitution,188,0,-0.0049127936363220215
Synonym Substitution,189,0,1.1920928955078125e-07
Synonym Substitution,190,0,0.01493847370147705
Synonym Substitution,191,0,0.0222741961479187
Synonym Substitution,192,0,-1.7881393432617188e-07
Synonym Substitution,193,0,0.0
Synonym Substitution,194,0,0.19195705652236938
Synonym Substitution,195,0,5.960464477539063e-08
Synonym Substitution,196,0,0.0
Synonym Substitution,197,0,6.943941116333008e-05
Synonym Substitution,198,0,-0.06381392478942871
Synonym Substitution,199,0,0.0
Synonym Substitution,200,0,0.0
Synonym Substitution,201,0,-5.960464477539063e-08
Synonym Substitution,202,0,0.0
Synonym Substitution,203,0,-5.960464477539063e-08
Synonym Substitution,204,0,0.0
Synonym Substitution,205,0,0.0
Synonym Substitution,206,0,0.0
Synonym Substitution,207,0,0.0
Synonym Substitution,208,0,0.016241788864135742
Synonym Substitution,209,0,1.1920928955078125e-07
Synonym Substitution,210,0,0.0
Synonym Substitution,211,0,-0.03878206014633179
Synonym Substitution,212,0,0.0
Synonym Substitution,213,0,0.0
Synonym Substitution,214,0,2.980232238769531e-07
Synonym Substitution,215,0,1.7881393432617188e-07
Synonym Substitution,216,0,0.0
Synonym Substitution,217,0,0.0
Synonym Substitution,218,0,-1.1920928955078125e-07
Synonym Substitution,219,0,-0.00048661231994628906
Synonym Substitution,220,0,0.0
Synonym Substitution,221,0,-1.1920928955078125e-07
Synonym Substitution,222,0,0.0
Synonym Substitution,223,0,1.1920928955078125e-07
Synonym Substitution,224,0,5.960464477539063e-08
Synonym Substitution,225,0,-2.384185791015625e-07
Synonym Substitution,226,0,-5.960464477539063e-08
Synonym Substitution,227,0,0.0
Synonym Substitution,228,0,0.006290853023529053
Synonym Substitution,229,0,-0.0013477802276611328
Synonym Substitution,230,0,0.0
Synonym Substitution,231,0,0.0
Synonym Substitution,232,0,0.0
Synonym Substitution,233,0,-1.1920928955078125e-07
Synonym Substitution,234,0,5.960464477539063e-08
Synonym Substitution,235,0,0.0
Synonym Substitution,236,0,0.0014612674713134766
Synonym Substitution,237,0,5.960464477539062e-07
Synonym Substitution,238,0,0.0
Synonym Substitution,239,0,0.0
Synonym Substitution,240,0,0.0
Synonym Substitution,241,0,0.0
Synonym Substitution,242,0,0.0
Synonym Substitution,243,0,1.1920928955078125e-07
Synonym Substitution,244,0,0.00027745962142944336
Synonym Substitution,245,0,0.0
Synonym Substitution,246,0,0.04304158687591553
Synonym Substitution,247,0,4.172325134277344e-07
Synonym Substitution,248,0,0.0
Synonym Substitution,249,0,-5.960464477539063e-08
Synonym Substitution,250,0,0.0
Synonym Substitution,251,0,0.0
Synonym Substitution,252,0,0.0
Synonym Substitution,253,0,-2.980232238769531e-07
Synonym Substitution,254,0,0.0
Synonym Substitution,255,0,0.0
Synonym Substitution,256,0,1.1920928955078125e-07
Synonym Substitution,257,0,0.0
Synonym Substitution,258,0,0.0
Synonym Substitution,259,0,0.0
Synonym Substitution,260,0,0.000672459602355957
Synonym Substitution,261,0,0.0
Synonym Substitution,262,0,-3.5762786865234375e-07
Synonym Substitution,263,0,-0.005363047122955322
Synonym Substitution,264,0,-1.1920928955078125e-07
Synonym Substitution,265,0,1.1920928955078125e-07
Synonym Substitution,266,0,0.0
Synonym Substitution,267,0,0.0
Synonym Substitution,268,0,0.0
Synonym Substitution,269,0,0.000110626220703125
Synonym Substitution,270,0,-0.009374916553497314
Synonym Substitution,271,0,-5.960464477539063e-08
Synonym Substitution,272,0,0.003006160259246826
Synonym Substitution,273,0,0.0
Synonym Substitution,274,0,1.1920928955078125e-07
Synonym Substitution,275,0,1.1920928955078125e-07
Synonym Substitution,276,0,-1.1920928955078125e-07
Synonym Substitution,277,0,0.002403438091278076
Synonym Substitution,278,0,8.344650268554688e-07
Synonym Substitution,279,0,-1.1920928955078125e-07
Synonym Substitution,280,0,0.0001825094223022461
Synonym Substitution,281,0,7.843971252441406e-05
Synonym Substitution,282,0,-3.5762786865234375e-07
Synonym Substitution,283,0,0.0
Synonym Substitution,284,0,0.0
Synonym Substitution,285,0,0.0
Synonym Substitution,286,0,0.0
Synonym Substitution,287,0,0.0
Synonym Substitution,288,0,0.0
Synonym Substitution,289,0,0.0
Synonym Substitution,290,0,0.0
Synonym Substitution,291,0,0.0
Synonym Substitution,292,0,-0.004538476467132568
Synonym Substitution,293,0,-5.960464477539063e-08
Synonym Substitution,294,0,-5.960464477539063e-08
Synonym Substitution,295,0,0.0
Synonym Substitution,296,0,-0.012841880321502686
Synonym Substitution,297,0,0.0
Synonym Substitution,298,0,0.0
Synonym Substitution,299,0,-5.960464477539063e-08
Synonym Substitution,300,0,-0.000459134578704834
Synonym Substitution,301,0,0.0
Synonym Substitution,302,0,0.0
Synonym Substitution,303,0,-3.5762786865234375e-07
Synonym Substitution,304,0,0.03310537338256836
Synonym Substitution,305,0,0.0
Synonym Substitution,306,0,0.0
Synonym Substitution,307,0,0.0
Synonym Substitution,308,0,0.0
Synonym Substitution,309,0,-0.11794841289520264
Synonym Substitution,310,0,-1.7881393432617188e-07
Synonym Substitution,311,0,0.0
Synonym Substitution,312,0,0.0
Synonym Substitution,313,0,0.0
Synonym Substitution,314,0,0.0
Synonym Substitution,315,0,1.1920928955078125e-07
Synonym Substitution,316,0,0.0
Synonym Substitution,317,0,0.0
Synonym Substitution,318,0,-0.010797262191772461
Synonym Substitution,319,0,0.0
Synonym Substitution,320,0,-4.172325134277344e-07
Synonym Substitution,321,0,-1.1920928955078125e-07
Synonym Substitution,322,0,0.0030486583709716797
Synonym Substitution,323,0,-5.960464477539062e-07
Synonym Substitution,324,0,0.0003268122673034668
Synonym Substitution,325,0,0.0
Synonym Substitution,326,0,0.006367683410644531
Synonym Substitution,327,0,0.0003739595413208008
Synonym Substitution,328,0,-2.384185791015625e-07
Synonym Substitution,329,0,0.0
Synonym Substitution,330,0,0.0
Synonym Substitution,331,0,-0.001685023307800293
Synonym Substitution,332,0,0.008319199085235596
Synonym Substitution,333,0,0.0
Synonym Substitution,334,0,0.012038767337799072
Synonym Substitution,335,0,1.1920928955078125e-07
Synonym Substitution,336,0,-1.1920928955078125e-07
Synonym Substitution,337,0,0.0
Synonym Substitution,338,0,0.0
Synonym Substitution,339,0,1.1920928955078125e-07
Synonym Substitution,340,0,0.0
Synonym Substitution,341,0,0.0
Synonym Substitution,342,0,0.0
Synonym Substitution,343,0,0.0
Synonym Substitution,344,0,0.0
Synonym Substitution,345,0,0.0
Synonym Substitution,346,0,-0.01336747407913208
Synonym Substitution,347,0,0.0
Synonym Substitution,348,0,0.0
Synonym Substitution,349,0,0.0
Synonym Substitution,350,0,0.0
Synonym Substitution,351,0,0.0
Synonym Substitution,352,0,0.0
Synonym Substitution,353,0,-5.960464477539063e-08
Synonym Substitution,354,0,0.0
Synonym Substitution,355,0,0.0
Synonym Substitution,356,0,0.005190253257751465
Synonym Substitution,357,0,0.0787617564201355
Synonym Substitution,358,0,0.0
Synonym Substitution,359,0,3.5762786865234375e-07
Synonym Substitution,360,0,0.000955045223236084
Synonym Substitution,361,0,0.0
Synonym Substitution,362,0,0.0
Synonym Substitution,363,0,1.1920928955078125e-07
Synonym Substitution,364,0,1.7881393432617188e-07
Synonym Substitution,365,0,1.7881393432617188e-07
Synonym Substitution,366,0,-5.960464477539063e-08
Synonym Substitution,367,0,0.0
Synonym Substitution,368,0,0.058245718479156494
Synonym Substitution,369,0,-5.960464477539063e-08
Synonym Substitution,370,0,-0.004449725151062012
Synonym Substitution,371,0,-0.06630957126617432
Synonym Substitution,372,0,2.384185791015625e-07
Synonym Substitution,373,0,1.1920928955078125e-07
Synonym Substitution,374,0,0.0
Synonym Substitution,375,0,0.04055517911911011
Synonym Substitution,376,0,-5.960464477539063e-08
Synonym Substitution,377,0,0.0
Synonym Substitution,378,0,-0.005652725696563721
Synonym Substitution,379,0,-0.006101727485656738
Synonym Substitution,380,0,0.001261293888092041
Synonym Substitution,381,0,-0.0003483295440673828
Synonym Substitution,382,0,5.960464477539063e-08
Synonym Substitution,383,0,0.0026720166206359863
Synonym Substitution,384,0,-0.002095341682434082
Synonym Substitution,385,0,0.0
Synonym Substitution,386,0,1.1920928955078125e-07
Synonym Substitution,387,0,0.0
Synonym Substitution,388,0,1.1920928955078125e-07
Synonym Substitution,389,0,0.0
Synonym Substitution,390,0,0.0
Synonym Substitution,391,0,-0.0036022067070007324
Synonym Substitution,392,0,0.0
Synonym Substitution,393,0,-2.980232238769531e-07
Synonym Substitution,394,0,0.01610344648361206
Synonym Substitution,395,0,-0.0041043758392333984
Synonym Substitution,396,0,1.1920928955078125e-07
Synonym Substitution,397,0,-2.980232238769531e-07
Synonym Substitution,398,0,0.0
Synonym Substitution,399,0,0.00024127960205078125
Synonym Substitution,400,0,0.04029637575149536
Synonym Substitution,401,0,-1.1920928955078125e-07
Synonym Substitution,402,0,0.0
Synonym Substitution,403,0,0.0003394484519958496
Synonym Substitution,404,0,-0.0025176405906677246
Synonym Substitution,405,0,1.1920928955078125e-07
Synonym Substitution,406,0,0.0
Synonym Substitution,407,0,1.1920928955078125e-07
Synonym Substitution,408,0,-2.384185791015625e-07
Synonym Substitution,409,0,0.0
Synonym Substitution,410,0,0.0
Synonym Substitution,411,0,0.0
Synonym Substitution,412,0,0.0
Synonym Substitution,413,0,0.0
Synonym Substitution,414,0,0.0
Synonym Substitution,415,0,1.1920928955078125e-07
Synonym Substitution,416,0,0.0
Synonym Substitution,417,0,-1.138448715209961e-05
Synonym Substitution,418,0,0.0
Synonym Substitution,419,0,0.022113382816314697
Synonym Substitution,420,0,0.0
Synonym Substitution,421,0,0.0
Synonym Substitution,422,0,0.0045754313468933105
Synonym Substitution,423,0,0.0
Synonym Substitution,424,0,-1.1920928955078125e-07
Synonym Substitution,425,0,0.0
Synonym Substitution,426,0,0.0
Synonym Substitution,427,0,-0.0006681084632873535
Synonym Substitution,428,0,1.1920928955078125e-07
Synonym Substitution,429,0,5.960464477539063e-08
Synonym Substitution,430,0,0.0
Synonym Substitution,431,0,-1.1920928955078125e-07
Synonym Substitution,432,0,-0.03408306837081909
Synonym Substitution,433,0,0.0
Synonym Substitution,434,0,-0.008866667747497559
Synonym Substitution,435,0,0.0005030035972595215
Synonym Substitution,436,0,0.0
Synonym Substitution,437,0,0.0
Synonym Substitution,438,0,-0.002226114273071289
Synonym Substitution,439,0,0.1092294454574585
Synonym Substitution,440,0,-1.7881393432617188e-07
Synonym Substitution,441,0,0.007705628871917725
Synonym Substitution,442,0,0.0
Synonym Substitution,443,0,0.010440707206726074
Synonym Substitution,444,0,1.2516975402832031e-06
Synonym Substitution,445,0,1.1920928955078125e-07
Synonym Substitution,446,0,-5.960464477539063e-08
Synonym Substitution,447,0,0.0
Synonym Substitution,448,0,0.0
Synonym Substitution,449,0,5.960464477539062e-07
Synonym Substitution,450,0,-5.924701690673828e-05
Synonym Substitution,451,0,-5.960464477539063e-08
Synonym Substitution,452,0,0.0254591703414917
Synonym Substitution,453,0,-5.960464477539063e-08
Synonym Substitution,454,0,0.04322004318237305
Synonym Substitution,455,0,-0.00871807336807251
Synonym Substitution,456,0,6.556510925292969e-07
Synonym Substitution,457,0,0.0
Synonym Substitution,458,0,1.1920928955078125e-07
Synonym Substitution,459,0,1.1920928955078125e-07
Synonym Substitution,460,0,0.0
Synonym Substitution,461,0,0.0
Synonym Substitution,462,0,-1.1920928955078125e-07
Synonym Substitution,463,0,0.0
Synonym Substitution,464,0,-0.00398099422454834
Synonym Substitution,465,0,0.0
Synonym Substitution,466,0,-0.0009559988975524902
Synonym Substitution,467,0,1.1920928955078125e-07
Synonym Substitution,468,0,0.0
Synonym Substitution,469,0,0.0
Synonym Substitution,470,0,-1.1920928955078125e-07
Synonym Substitution,471,0,-0.002536177635192871
Synonym Substitution,472,0,1.7881393432617188e-07
Synonym Substitution,473,0,0.001835167407989502
Synonym Substitution,474,0,-1.7881393432617188e-07
Synonym Substitution,475,0,-0.07474517822265625
Synonym Substitution,476,0,1.7881393432617188e-07
Synonym Substitution,477,0,0.0
Synonym Substitution,478,0,5.960464477539063e-08
Synonym Substitution,479,0,2.384185791015625e-07
Synonym Substitution,480,0,0.0006969571113586426
Synonym Substitution,481,0,0.0
Synonym Substitution,482,0,0.0
Synonym Substitution,483,0,0.0020896196365356445
Synonym Substitution,484,0,-0.026834189891815186
Synonym Substitution,485,0,-0.01653188467025757
Synonym Substitution,486,0,1.1920928955078125e-07
Synonym Substitution,487,0,0.0
Synonym Substitution,488,0,0.04032415151596069
Synonym Substitution,489,0,1.7881393432617188e-07
Synonym Substitution,490,0,0.0
Synonym Substitution,491,0,0.0
Synonym Substitution,492,0,0.0
Synonym Substitution,493,0,0.03620576858520508
Synonym Substitution,494,0,0.0
Synonym Substitution,495,0,-1.7881393432617188e-07
Synonym Substitution,496,0,0.0
Synonym Substitution,497,0,-3.30805778503418e-05
Synonym Substitution,498,0,0.0030921101570129395
Synonym Substitution,499,0,2.384185791015625e-07
Synonym Substitution,500,0,0.0
Synonym Substitution,501,0,0.0
Synonym Substitution,502,0,0.0
Synonym Substitution,503,0,2.980232238769531e-07
Synonym Substitution,504,0,-0.00024628639221191406
Synonym Substitution,505,0,5.960464477539063e-08
Synonym Substitution,506,0,1.7881393432617188e-07
Synonym Substitution,507,0,-2.980232238769531e-07
Synonym Substitution,508,0,0.0
Synonym Substitution,509,0,0.0016578435897827148
Synonym Substitution,510,0,0.0007512569427490234
Synonym Substitution,511,0,-1.1920928955078125e-07
Synonym Substitution,512,0,0.0
Synonym Substitution,513,0,0.0
Synonym Substitution,514,0,0.0
Synonym Substitution,515,0,-0.0022712349891662598
Synonym Substitution,516,0,2.980232238769531e-07
Synonym Substitution,517,0,1.1920928955078125e-07
Synonym Substitution,518,0,0.0
Synonym Substitution,519,0,0.0
Synonym Substitution,520,0,0.0
Synonym Substitution,521,0,-0.06983494758605957
Synonym Substitution,522,0,0.0
Synonym Substitution,523,0,1.1920928955078125e-07
Synonym Substitution,524,0,2.384185791015625e-07
Synonym Substitution,525,0,0.0
Synonym Substitution,526,0,0.0
Synonym Substitution,527,0,0.0
Synonym Substitution,528,0,-2.491474151611328e-05
Synonym Substitution,529,0,-3.5762786865234375e-07
Synonym Substitution,530,0,-0.09446674585342407
Synonym Substitution,531,0,-1.1920928955078125e-07
Synonym Substitution,532,0,5.960464477539063e-08
Synonym Substitution,533,0,0.0
Synonym Substitution,534,0,-1.1920928955078125e-07
Synonym Substitution,535,0,-0.22693747282028198
Synonym Substitution,536,0,0.009179353713989258
Synonym Substitution,537,0,0.0
Synonym Substitution,538,0,0.0
Synonym Substitution,539,0,-5.960464477539063e-08
Synonym Substitution,540,0,-0.00019443035125732422
Synonym Substitution,541,0,-0.02622687816619873
Synonym Substitution,542,0,0.0
Synonym Substitution,543,0,-1.1920928955078125e-07
Synonym Substitution,544,0,0.013312757015228271
Synonym Substitution,545,0,-5.960464477539063e-08
Synonym Substitution,546,0,0.0
Synonym Substitution,547,0,0.00043076276779174805
Synonym Substitution,548,0,0.0
Synonym Substitution,549,0,0.0
Synonym Substitution,550,0,0.0
Synonym Substitution,551,0,0.0
Synonym Substitution,552,0,0.0
Synonym Substitution,553,0,-1.1920928955078125e-07
Synonym Substitution,554,0,0.006618022918701172
Synonym Substitution,555,0,0.0009639859199523926
Synonym Substitution,556,0,0.027827203273773193
Synonym Substitution,557,0,0.0
Synonym Substitution,558,0,0.0
Synonym Substitution,559,0,6.556510925292969e-06
Synonym Substitution,560,0,-7.838010787963867e-05
Synonym Substitution,561,0,0.0
Synonym Substitution,562,0,0.0
Synonym Substitution,563,0,-5.960464477539063e-08
Synonym Substitution,564,0,0.0
Synonym Substitution,565,0,0.0
Synonym Substitution,566,0,0.05605423450469971
Synonym Substitution,567,0,0.0
Synonym Substitution,568,0,0.0021721720695495605
Synonym Substitution,569,0,0.00023317337036132812
Synonym Substitution,570,0,-0.0008593201637268066
Synonym Substitution,571,0,0.0022957324981689453
Synonym Substitution,572,0,-0.12969964742660522
Synonym Substitution,573,0,0.0
Synonym Substitution,574,0,-0.00826728343963623
Synonym Substitution,575,0,0.0
Synonym Substitution,576,0,0.0
Synonym Substitution,577,0,1.1920928955078125e-07
Synonym Substitution,578,0,-0.010360538959503174
Synonym Substitution,579,0,0.002007007598876953
Synonym Substitution,580,0,0.0
Synonym Substitution,581,0,-1.1920928955078125e-07
Synonym Substitution,582,0,0.0012576580047607422
Synonym Substitution,583,0,0.0
Synonym Substitution,584,0,0.0
Synonym Substitution,585,0,2.384185791015625e-07
Synonym Substitution,586,0,-1.1920928955078125e-07
Synonym Substitution,587,0,0.0
Synonym Substitution,588,0,-0.0031131505966186523
Synonym Substitution,589,0,0.0
Synonym Substitution,590,0,0.0
Synonym Substitution,591,0,0.0
Synonym Substitution,592,0,0.0
Synonym Substitution,593,0,0.2793748378753662
Synonym Substitution,594,0,-0.0035314559936523438
Synonym Substitution,595,0,-1.1920928955078125e-07
Synonym Substitution,596,0,-2.980232238769531e-07
Synonym Substitution,597,0,6.556510925292969e-07
Synonym Substitution,598,0,0.0
Synonym Substitution,599,0,0.0
Numeral Injection,0,0,0.0003407001495361328
Numeral Injection,1,0,-0.0011295080184936523
Numeral Injection,2,0,-0.0014218688011169434
Numeral Injection,3,1,0.281904935836792
Numeral Injection,4,0,-0.32319027185440063
Numeral Injection,5,0,-0.029284179210662842
Numeral Injection,6,0,-0.09449970722198486
Numeral Injection,7,0,-0.002458631992340088
Numeral Injection,8,0,-0.0019328594207763672
Numeral Injection,9,1,0.13074332475662231
Numeral Injection,10,1,-0.1298641562461853
Numeral Injection,11,0,-0.0012669563293457031
Numeral Injection,12,0,0.04897218942642212
Numeral Injection,13,0,0.13150137662887573
Numeral Injection,14,0,0.05190509557723999
Numeral Injection,15,0,-0.0010443925857543945
Numeral Injection,16,0,0.0009385943412780762
Numeral Injection,17,0,0.02990281581878662
Numeral Injection,18,0,-0.06204777956008911
Numeral Injection,19,0,0.013084948062896729
Numeral Injection,20,0,0.00044983625411987305
Numeral Injection,21,0,-0.029487133026123047
Numeral Injection,22,0,0.07310718297958374
Numeral Injection,23,0,-0.05923539400100708
Numeral Injection,24,0,0.021107733249664307
Numeral Injection,25,0,0.0015395283699035645
Numeral Injection,26,0,-0.17306166887283325
Numeral Injection,27,1,0.24507296085357666
Numeral Injection,28,0,0.01499408483505249
Numeral Injection,29,1,0.032621145248413086
Numeral Injection,30,0,0.01211237907409668
Numeral Injection,31,0,-0.00035947561264038086
Numeral Injection,32,0,-0.005403101444244385
Numeral Injection,33,0,6.54458999633789e-05
Numeral Injection,34,1,0.1360100507736206
Numeral Injection,35,0,-0.045972466468811035
Numeral Injection,36,0,-0.01513671875
Numeral Injection,37,0,-0.39574044942855835
Numeral Injection,38,1,0.02582228183746338
Numeral Injection,39,0,-0.0025697946548461914
Numeral Injection,40,0,-0.19796478748321533
Numeral Injection,41,1,0.19636380672454834
Numeral Injection,42,0,0.03976351022720337
Numeral Injection,43,0,-0.01010960340499878
Numeral Injection,44,0,-0.0019971728324890137
Numeral Injection,45,0,0.10166817903518677
Numeral Injection,46,0,-0.014709055423736572
Numeral Injection,47,0,0.0018704533576965332
Numeral Injection,48,1,-0.025882720947265625
Numeral Injection,49,0,-0.03663349151611328
Numeral Injection,50,0,-0.06304192543029785
Numeral Injection,51,0,-0.0030813217163085938
Numeral Injection,52,0,0.00804358720779419
Numeral Injection,53,0,0.04940563440322876
Numeral Injection,54,0,-0.017435669898986816
Numeral Injection,55,0,-0.009910404682159424
Numeral Injection,56,1,0.25317585468292236
Numeral Injection,57,0,0.06989151239395142
Numeral Injection,58,0,-0.00033211708068847656
Numeral Injection,59,0,0.0005019903182983398
Numeral Injection,60,0,-0.0008783340454101562
Numeral Injection,61,0,-0.11010730266571045
Numeral Injection,62,0,0.006091058254241943
Numeral Injection,63,0,-0.0011786818504333496
Numeral Injection,64,0,-0.34218698740005493
Numeral Injection,65,0,-0.15143418312072754
Numeral Injection,66,0,-0.08962970972061157
Numeral Injection,67,0,-0.0015534162521362305
Numeral Injection,68,0,0.07975685596466064
Numeral Injection,69,0,0.3743216395378113
Numeral Injection,70,0,-0.004168510437011719
Numeral Injection,71,0,-0.019386112689971924
Numeral Injection,72,0,-0.004062294960021973
Numeral Injection,73,1,0.12723904848098755
Numeral Injection,74,0,-0.0439145565032959
Numeral Injection,75,0,0.00017440319061279297
Numeral Injection,76,0,0.003945529460906982
Numeral Injection,77,0,-0.00025832653045654297
Numeral Injection,78,0,0.0013346672058105469
Numeral Injection,79,0,0.003989994525909424
Numeral Injection,80,0,-0.05303490161895752
Numeral Injection,81,0,0.025906503200531006
Numeral Injection,82,0,-0.029999494552612305
Numeral Injection,83,0,-0.012255191802978516
Numeral Injection,84,0,-0.08044487237930298
Numeral Injection,85,0,-0.010529816150665283
Numeral Injection,86,0,0.011742949485778809
Numeral Injection,87,0,-1.1920928955078125e-07
Numeral Injection,88,1,-0.12117856740951538
Numeral Injection,89,0,-0.0065326690673828125
Numeral Injection,90,0,-0.00028783082962036133
Numeral Injection,91,0,-0.00010901689529418945
Numeral Injection,92,0,-0.006449282169342041
Numeral Injection,93,0,-0.13455915451049805
Numeral Injection,94,0,0.005616962909698486
Numeral Injection,95,0,-0.07463043928146362
Numeral Injection,96,0,0.0036261677742004395
Numeral Injection,97,0,0.0019290447235107422
Numeral Injection,98,0,-0.05687761306762695
Numeral Injection,99,1,-0.16363680362701416
Numeral Injection,100,0,0.034684836864471436
Numeral Injection,101,0,-0.0007895827293395996
Numeral Injection,102,0,-0.004034519195556641
Numeral Injection,103,0,-0.0058686137199401855
Numeral Injection,104,0,-0.2954546809196472
Numeral Injection,105,0,-0.0359993577003479
Numeral Injection,106,0,-0.005652189254760742
Numeral Injection,107,0,0.0005168914794921875
Numeral Injection,108,1,0.06051325798034668
Numeral Injection,109,1,-0.0020581483840942383
Numeral Injection,110,0,-0.00020325183868408203
Numeral Injection,111,0,-0.015055179595947266
Numeral Injection,112,0,-0.07482802867889404
Numeral Injection,113,0,-0.006422877311706543
Numeral Injection,114,1,-0.05462700128555298
Numeral Injection,115,0,-0.023700416088104248
Numeral Injection,116,0,-0.0002562999725341797
Numeral Injection,117,0,-0.0030589699745178223
Numeral Injection,118,0,-0.12175196409225464
Numeral Injection,119,0,-0.00015729665756225586
Numeral Injection,120,0,-0.18547981977462769
Numeral Injection,121,1,0.1292058825492859
Numeral Injection,122,0,0.003230273723602295
Numeral Injection,123,0,-0.022921264171600342
Numeral Injection,124,0,0.23409903049468994
Numeral Injection,125,0,0.03830695152282715
Numeral Injection,126,0,0.21141135692596436
Numeral Injection,127,0,-0.14840549230575562
Numeral Injection,128,0,0.0003781914710998535
Numeral Injection,129,0,0.0870252251625061
Numeral Injection,130,0,0.00011223554611206055
Numeral Injection,131,0,0.09701526165008545
Numeral Injection,132,0,-0.042795538902282715
Numeral Injection,133,0,0.03235483169555664
Numeral Injection,134,0,0.0014620423316955566
Numeral Injection,135,0,-0.00028252601623535156
Numeral Injection,136,0,-0.008793890476226807
Numeral Injection,137,0,-0.2861209511756897
Numeral Injection,138,0,0.0
Numeral Injection,139,0,-0.0033069252967834473
Numeral Injection,140,0,2.6285648345947266e-05
Numeral Injection,141,0,0.35834068059921265
Numeral Injection,142,0,-0.002374589443206787
Numeral Injection,143,0,0.0060492753982543945
Numeral Injection,144,0,0.26650553941726685
Numeral Injection,145,0,-0.00042563676834106445
Numeral Injection,146,0,-0.02819371223449707
Numeral Injection,147,0,-0.05030125379562378
Numeral Injection,148,0,-3.11732292175293e-05
Numeral Injection,149,0,0.056529343128204346
Numeral Injection,150,0,0.25590693950653076
Numeral Injection,151,0,0.00014287233352661133
Numeral Injection,152,0,-0.1525699496269226
Numeral Injection,153,0,-0.0005159378051757812
Numeral Injection,154,0,0.0008559226989746094
Numeral Injection,155,0,-0.0039217472076416016
Numeral Injection,156,0,-0.07682240009307861
Numeral Injection,157,0,0.02773374319076538
Numeral Injection,158,0,-0.007455110549926758
Numeral Injection,159,0,-0.09931343793869019
Numeral Injection,160,0,-0.07075071334838867
Numeral Injection,161,0,-0.00031065940856933594
Numeral Injection,162,0,0.3430989980697632
Numeral Injection,163,1,0.11471110582351685
Numeral Injection,164,0,0.0002124309539794922
Numeral Injection,165,0,-0.00755387544631958
Numeral Injection,166,0,-0.0018564462661743164
Numeral Injection,167,0,0.00026661157608032227
Numeral Injection,168,0,-0.00128251314163208
Numeral Injection,169,0,-0.0023676156997680664
Numeral Injection,170,0,-0.0033191442489624023
Numeral Injection,171,0,0.03462719917297363
Numeral Injection,172,0,0.0014745593070983887
Numeral Injection,173,0,-0.19528502225875854
Numeral Injection,174,1,0.048775553703308105
Numeral Injection,175,0,-0.049463629722595215
Numeral Injection,176,0,-0.0035011768341064453
Numeral Injection,177,1,-0.2927631735801697
Numeral Injection,178,1,0.0299566388130188
Numeral Injection,179,0,-0.0003898143768310547
Numeral Injection,180,0,0.040317654609680176
Numeral Injection,181,0,0.09717082977294922
Numeral Injection,182,0,0.000319063663482666
Numeral Injection,183,0,-0.013322889804840088
Numeral Injection,184,0,-0.00019621849060058594
Numeral Injection,185,0,0.008887410163879395
Numeral Injection,186,0,-0.014072060585021973
Numeral Injection,187,1,0.18687599897384644
Numeral Injection,188,0,0.06378036737442017
Numeral Injection,189,0,-0.03619194030761719
Numeral Injection,190,0,0.2131568193435669
Numeral Injection,191,0,-0.06905639171600342
Numeral Injection,192,0,0.1366158127784729
Numeral Injection,193,0,-0.016880452632904053
Numeral Injection,194,0,0.22431421279907227
Numeral Injection,195,0,-0.03504139184951782
Numeral Injection,196,0,-0.0013381242752075195
Numeral Injection,197,0,-0.00021630525588989258
Numeral Injection,198,0,0.03936493396759033
Numeral Injection,199,0,-0.009289145469665527
Numeral Injection,200,0,0.00345611572265625
Numeral Injection,201,0,0.010895371437072754
Numeral Injection,202,0,-0.010091543197631836
Numeral Injection,203,0,-0.0971408486366272
Numeral Injection,204,0,-0.2859838008880615
Numeral Injection,205,0,-0.014623641967773438
Numeral Injection,206,0,0.020053982734680176
Numeral Injection,207,0,-0.03884702920913696
Numeral Injection,208,1,-0.10226500034332275
Numeral Injection,209,0,-0.08554965257644653
Numeral Injection,210,0,-0.0024223923683166504
Numeral Injection,211,0,-0.2626165747642517
Numeral Injection,212,0,-0.0011491775512695312
Numeral Injection,213,0,-3.457069396972656e-05
Numeral Injection,214,1,0.02730327844619751
Numeral Injection,215,1,-0.2209281325340271
Numeral Injection,216,0,0.002442657947540283
Numeral Injection,217,0,-0.0072779059410095215
Numeral Injection,218,0,0.004378974437713623
Numeral Injection,219,0,-0.0276755690574646
Numeral Injection,220,0,-8.982419967651367e-05
Numeral Injection,221,0,0.009956121444702148
Numeral Injection,222,0,-0.12609559297561646
Numeral Injection,223,0,-0.2813798785209656
Numeral Injection,224,1,-0.2514483332633972
Numeral Injection,225,0,0.07467025518417358
Numeral Injection,226,1,0.2085217833518982
Numeral Injection,227,0,1.621246337890625e-05
Numeral Injection,228,0,0.005405783653259277
Numeral Injection,229,1,0.08117181062698364
Numeral Injection,230,0,-0.006939709186553955
Numeral Injection,231,0,0.0009542703628540039
Numeral Injection,232,0,0.0010726451873779297
Numeral Injection,233,0,-0.0336381196975708
Numeral Injection,234,0,-0.033134520053863525
Numeral Injection,235,0,-0.15443933010101318
Numeral Injection,236,0,0.005701661109924316
Numeral Injection,237,1,-0.14619630575180054
Numeral Injection,238,0,-0.3016747236251831
Numeral Injection,239,0,0.0030164718627929688
Numeral Injection,240,1,-0.2661914825439453
Numeral Injection,241,0,0.002422928810119629
Numeral Injection,242,0,-0.012233138084411621
Numeral Injection,243,0,-0.035226643085479736
Numeral Injection,244,0,-0.0015933513641357422
Numeral Injection,245,0,-0.00992816686630249
Numeral Injection,246,0,0.3201231360435486
Numeral Injection,247,0,-0.05225503444671631
Numeral Injection,248,0,-0.012334227561950684
Numeral Injection,249,0,-0.00483471155166626
Numeral Injection,250,0,0.0006333589553833008
Numeral Injection,251,0,-0.001603841781616211
Numeral Injection,252,0,-0.008906126022338867
Numeral Injection,253,0,0.36573243141174316
Numeral Injection,254,0,-0.00159454345703125
Numeral Injection,255,0,-0.015464365482330322
Numeral Injection,256,0,-0.02274620532989502
Numeral Injection,257,0,-0.016741931438446045
Numeral Injection,258,0,0.097226083278656
Numeral Injection,259,0,-0.00237429141998291
Numeral Injection,260,0,0.021524488925933838
Numeral Injection,261,0,-0.009440720081329346
Numeral Injection,262,1,0.20907264947891235
Numeral Injection,263,0,-0.02709376811981201
Numeral Injection,264,0,-0.03889960050582886
Numeral Injection,265,0,-0.04323232173919678
Numeral Injection,266,0,-0.0021892189979553223
Numeral Injection,267,1,-0.07371747493743896
Numeral Injection,268,0,-0.0032892823219299316
Numeral Injection,269,0,0.0003948807716369629
Numeral Injection,270,0,0.0032562613487243652
Numeral Injection,271,1,0.00769728422164917
Numeral Injection,272,0,-0.038951754570007324
Numeral Injection,273,0,-0.001498579978942871
Numeral Injection,274,0,0.0016553401947021484
Numeral Injection,275,0,-0.08088016510009766
Numeral Injection,276,0,-0.0062157511711120605
Numeral Injection,277,0,0.004949986934661865
Numeral Injection,278,0,0.13170486688613892
Numeral Injection,279,0,-0.26684319972991943
Numeral Injection,280,0,0.0009366869926452637
Numeral Injection,281,0,-0.009577274322509766
Numeral Injection,282,0,0.23946690559387207
Numeral Injection,283,0,-0.010192632675170898
Numeral Injection,284,0,-0.08866018056869507
Numeral Injection,285,0,-0.06763428449630737
Numeral Injection,286,0,-0.006217241287231445
Numeral Injection,287,0,-0.0012205839157104492
Numeral Injection,288,0,7.009506225585938e-05
Numeral Injection,289,0,0.0018582344055175781
Numeral Injection,290,0,0.000700831413269043
Numeral Injection,291,0,0.00914996862411499
Numeral Injection,292,0,-0.2645619511604309
Numeral Injection,293,1,-0.3308625817298889
Numeral Injection,294,0,-0.010600566864013672
Numeral Injection,295,0,-0.001425325870513916
Numeral Injection,296,1,-0.24804937839508057
Numeral Injection,297,0,-0.0013540983200073242
Numeral Injection,298,0,-0.0011004805564880371
Numeral Injection,299,1,-0.09338891506195068
Numeral Injection,300,0,0.00023615360260009766
Numeral Injection,301,0,-0.14483344554901123
Numeral Injection,302,0,-0.03264385461807251
Numeral Injection,303,0,0.08095037937164307
Numeral Injection,304,0,-0.08175259828567505
Numeral Injection,305,0,-0.12459534406661987
Numeral Injection,306,0,-0.00029665231704711914
Numeral Injection,307,0,0.00020301342010498047
Numeral Injection,308,0,-0.028771042823791504
Numeral Injection,309,0,0.04018425941467285
Numeral Injection,310,0,-0.24843329191207886
Numeral Injection,311,0,-0.18693262338638306
Numeral Injection,312,0,-0.09137678146362305
Numeral Injection,313,0,0.05866628885269165
Numeral Injection,314,0,-0.0005182027816772461
Numeral Injection,315,0,-0.00892108678817749
Numeral Injection,316,0,-0.08483469486236572
Numeral Injection,317,0,0.0002747774124145508
Numeral Injection,318,0,-0.15943044424057007
Numeral Injection,319,0,-0.015427827835083008
Numeral Injection,320,0,0.045706093311309814
Numeral Injection,321,0,0.07934093475341797
Numeral Injection,322,0,-0.05015218257904053
Numeral Injection,323,1,0.3352612257003784
Numeral Injection,324,0,-0.008516311645507812
Numeral Injection,325,0,-0.0008640289306640625
Numeral Injection,326,0,-0.08519625663757324
Numeral Injection,327,0,-0.0018214583396911621
Numeral Injection,328,0,0.0035877227783203125
Numeral Injection,329,0,-0.027054190635681152
Numeral Injection,330,0,-0.007674217224121094
Numeral Injection,331,0,-0.0021252036094665527
Numeral Injection,332,1,0.1670619249343872
Numeral Injection,333,0,-0.003228604793548584
Numeral Injection,334,0,-0.10697829723358154
Numeral Injection,335,0,0.038235247135162354
Numeral Injection,336,0,0.00542682409286499
Numeral Injection,337,0,-4.589557647705078e-06
Numeral Injection,338,0,-0.000703275203704834
Numeral Injection,339,0,-0.03747260570526123
Numeral Injection,340,0,-0.005643010139465332
Numeral Injection,341,0,-0.025164902210235596
Numeral Injection,342,0,-0.0013385415077209473
Numeral Injection,343,0,-0.13608437776565552
Numeral Injection,344,0,-0.12362998723983765
Numeral Injection,345,0,0.024675190448760986
Numeral Injection,346,0,-0.13692909479141235
Numeral Injection,347,0,-0.01163780689239502
Numeral Injection,348,0,-0.037362873554229736
Numeral Injection,349,0,0.13807237148284912
Numeral Injection,350,0,-0.0009250640869140625
Numeral Injection,351,0,-0.004399120807647705
Numeral Injection,352,0,-0.01367861032485962
Numeral Injection,353,0,0.10870659351348877
Numeral Injection,354,0,-0.02791804075241089
Numeral Injection,355,1,-0.17044085264205933
Numeral Injection,356,0,-0.24850130081176758
Numeral Injection,357,1,0.019981205463409424
Numeral Injection,358,0,-0.0050773024559021
Numeral Injection,359,0,-0.10342830419540405
Numeral Injection,360,0,-0.029611587524414062
Numeral Injection,361,0,0.0024659037590026855
Numeral Injection,362,0,-0.0018752813339233398
Numeral Injection,363,0,-0.024119913578033447
Numeral Injection,364,0,-0.10302555561065674
Numeral Injection,365,0,-0.09100097417831421
Numeral Injection,366,1,0.09458065032958984
Numeral Injection,367,0,0.004515588283538818
Numeral Injection,368,0,0.07048970460891724
Numeral Injection,369,1,-0.37566161155700684
Numeral Injection,370,0,-0.03406339883804321
Numeral Injection,371,0,0.17909127473831177
Numeral Injection,372,0,0.15376192331314087
Numeral Injection,373,0,-0.03266346454620361
Numeral Injection,374,0,-0.003313779830932617
Numeral Injection,375,1,-0.022165238857269287
Numeral Injection,376,0,0.17651796340942383
Numeral Injection,377,0,-0.03186976909637451
Numeral Injection,378,0,-0.17760390043258667
Numeral Injection,379,0,-0.08254152536392212
Numeral Injection,380,0,0.001470029354095459
Numeral Injection,381,0,0.003883183002471924
Numeral Injection,382,0,-0.09649187326431274
Numeral Injection,383,0,0.00014251470565795898
Numeral Injection,384,0,-0.016471803188323975
Numeral Injection,385,0,-0.0019518733024597168
Numeral Injection,386,0,0.056719064712524414
Numeral Injection,387,0,0.0010527968406677246
Numeral Injection,388,0,-0.046614766120910645
Numeral Injection,389,0,-0.1379835605621338
Numeral Injection,390,0,-0.012973487377166748
Numeral Injection,391,0,-0.07840383052825928
Numeral Injection,392,0,-0.04836159944534302
Numeral Injection,393,0,-0.14875859022140503
Numeral Injection,394,0,-0.0024788379669189453
Numeral Injection,395,0,-0.11412954330444336
Numeral Injection,396,0,0.004342198371887207
Numeral Injection,397,0,-0.2732740640640259
Numeral Injection,398,0,0.012373566627502441
Numeral Injection,399,0,-0.003844141960144043
Numeral Injection,400,1,-0.2943715453147888
Numeral Injection,401,0,-0.14293617010116577
Numeral Injection,402,0,0.009906470775604248
Numeral Injection,403,0,-0.0011299848556518555
Numeral Injection,404,0,-0.07593649625778198
Numeral Injection,405,0,-0.0012270212173461914
Numeral Injection,406,0,-0.025386154651641846
Numeral Injection,407,0,-0.3909899592399597
Numeral Injection,408,1,-0.11997181177139282
Numeral Injection,409,0,-0.006751298904418945
Numeral Injection,410,0,-0.0027493834495544434
Numeral Injection,411,0,8.612871170043945e-05
Numeral Injection,412,0,0.0008389949798583984
Numeral Injection,413,0,-0.01659262180328369
Numeral Injection,414,1,0.2488279938697815
Numeral Injection,415,0,-0.0347440242767334
Numeral Injection,416,0,0.02726447582244873
Numeral Injection,417,0,-0.004179954528808594
Numeral Injection,418,0,0.004766702651977539
Numeral Injection,419,1,0.18688815832138062
Numeral Injection,420,0,-0.0039945244789123535
Numeral Injection,421,0,-0.07427710294723511
Numeral Injection,422,0,-0.06413334608078003
Numeral Injection,423,0,-0.023166656494140625
Numeral Injection,424,0,-0.004297971725463867
Numeral Injection,425,0,-0.024578988552093506
Numeral Injection,426,0,-0.03693830966949463
Numeral Injection,427,0,-0.003585219383239746
Numeral Injection,428,0,0.031395137310028076
Numeral Injection,429,0,-0.018035948276519775
Numeral Injection,430,0,0.07771050930023193
Numeral Injection,431,0,0.030981063842773438
Numeral Injection,432,0,0.00929170846939087
Numeral Injection,433,0,0.007965028285980225
Numeral Injection,434,0,-0.055644333362579346
Numeral Injection,435,0,-0.0065956711769104
Numeral Injection,436,0,-0.037178874015808105
Numeral Injection,437,0,-4.792213439941406e-05
Numeral Injection,438,0,0.0009070634841918945
Numeral Injection,439,0,0.12206476926803589
Numeral Injection,440,0,-0.06311523914337158
Numeral Injection,441,0,0.07499724626541138
Numeral Injection,442,0,0.01864856481552124
Numeral Injection,443,0,0.005245208740234375
Numeral Injection,444,1,0.11213380098342896
Numeral Injection,445,0,0.004086852073669434
Numeral Injection,446,0,0.014786005020141602
Numeral Injection,447,0,-0.0014463067054748535
Numeral Injection,448,0,0.003276824951171875
Numeral Injection,449,1,-0.07984131574630737
Numeral Injection,450,0,-0.0007254481315612793
Numeral Injection,451,1,-0.10934937000274658
Numeral Injection,452,0,0.0064983367919921875
Numeral Injection,453,0,-0.19708847999572754
Numeral Injection,454,0,0.033470332622528076
Numeral Injection,455,0,-0.06585228443145752
Numeral Injection,456,0,-0.2607148289680481
Numeral Injection,457,0,-0.0010426640510559082
Numeral Injection,458,0,-0.34148484468460083
Numeral Injection,459,0,-0.006890535354614258
Numeral Injection,460,0,-0.0006083846092224121
Numeral Injection,461,0,-0.026271581649780273
Numeral Injection,462,0,-0.14279180765151978
Numeral Injection,463,0,-0.0028612613677978516
Numeral Injection,464,0,-0.012598037719726562
Numeral Injection,465,0,-0.0006237030029296875
Numeral Injection,466,0,-0.010736644268035889
Numeral Injection,467,0,0.06994491815567017
Numeral Injection,468,0,-0.0023584961891174316
Numeral Injection,469,0,-0.051556944847106934
Numeral Injection,470,0,-0.053708016872406006
Numeral Injection,471,0,0.0007628202438354492
Numeral Injection,472,0,0.04631650447845459
Numeral Injection,473,0,2.7358531951904297e-05
Numeral Injection,474,0,-0.2444688081741333
Numeral Injection,475,0,-0.08586615324020386
Numeral Injection,476,0,-0.07597655057907104
Numeral Injection,477,1,-0.15961551666259766
Numeral Injection,478,1,0.1871260404586792
Numeral Injection,479,0,-0.19665491580963135
Numeral Injection,480,0,0.105044424533844
Numeral Injection,481,0,-0.002058684825897217
Numeral Injection,482,0,-0.005187571048736572
Numeral Injection,483,0,-0.011593043804168701
Numeral Injection,484,0,-0.402912437915802
Numeral Injection,485,0,-0.07365792989730835
Numeral Injection,486,0,-0.162145733833313
Numeral Injection,487,0,-0.06077331304550171
Numeral Injection,488,1,0.15745162963867188
Numeral Injection,489,1,-0.2795271873474121
Numeral Injection,490,0,-0.04445338249206543
Numeral Injection,491,0,-0.0029712915420532227
Numeral Injection,492,0,0.003761887550354004
Numeral Injection,493,0,0.2579178214073181
Numeral Injection,494,0,0.03766489028930664
Numeral Injection,495,0,0.12332957983016968
Numeral Injection,496,0,-0.006965339183807373
Numeral Injection,497,0,1.7583370208740234e-05
Numeral Injection,498,0,-0.11011356115341187
Numeral Injection,499,0,-0.020813047885894775
Numeral Injection,500,0,-0.41036927700042725
Numeral Injection,501,0,-0.014414370059967041
Numeral Injection,502,0,-0.09597301483154297
Numeral Injection,503,1,0.05468934774398804
Numeral Injection,504,0,-6.669759750366211e-05
Numeral Injection,505,0,-0.37137091159820557
Numeral Injection,506,0,-0.009332418441772461
Numeral Injection,507,0,0.2737390995025635
Numeral Injection,508,0,-0.018649399280548096
Numeral Injection,509,0,-0.03772318363189697
Numeral Injection,510,0,-0.03361767530441284
Numeral Injection,511,0,-0.010455965995788574
Numeral Injection,512,0,-0.006224393844604492
Numeral Injection,513,0,-0.33134084939956665
Numeral Injection,514,0,0.0023896098136901855
Numeral Injection,515,0,0.0035822391510009766
Numeral Injection,516,0,-0.2610657215118408
Numeral Injection,517,0,-0.3250506520271301
Numeral Injection,518,0,-0.020904481410980225
Numeral Injection,519,0,-0.0048226118087768555
Numeral Injection,520,0,-0.02210134267807007
Numeral Injection,521,0,-0.09107726812362671
Numeral Injection,522,0,-0.0024074912071228027
Numeral Injection,523,0,-0.03510439395904541
Numeral Injection,524,0,0.18212318420410156
Numeral Injection,525,0,-0.00016123056411743164
Numeral Injection,526,0,-0.06116938591003418
Numeral Injection,527,0,-0.04750633239746094
Numeral Injection,528,0,-0.021977543830871582
Numeral Injection,529,0,0.3050065040588379
Numeral Injection,530,0,-0.07640707492828369
Numeral Injection,531,0,0.032828450202941895
Numeral Injection,532,0,-0.1625269055366516
Numeral Injection,533,0,0.005941569805145264
Numeral Injection,534,0,-0.07207256555557251
Numeral Injection,535,0,-0.03250974416732788
Numeral Injection,536,0,-0.004545688629150391
Numeral Injection,537,0,0.006534755229949951
Numeral Injection,538,0,-0.004771709442138672
Numeral Injection,539,1,-0.23529309034347534
Numeral Injection,540,0,0.0007249116897583008
Numeral Injection,541,0,-0.21419471502304077
Numeral Injection,542,0,-0.40455371141433716
Numeral Injection,543,1,-0.04159414768218994
Numeral Injection,544,1,0.12765514850616455
Numeral Injection,545,0,-0.20087730884552002
Numeral Injection,546,0,-0.036060333251953125
Numeral Injection,547,0,-8.404254913330078e-06
Numeral Injection,548,1,-0.0769544243812561
Numeral Injection,549,0,-0.010769844055175781
Numeral Injection,550,0,-0.16084539890289307
Numeral Injection,551,0,-0.008513450622558594
Numeral Injection,552,0,-0.08677774667739868
Numeral Injection,553,0,-0.22740066051483154
Numeral Injection,554,0,-0.04737216234207153
Numeral Injection,555,0,-0.020664334297180176
Numeral Injection,556,0,0.06103241443634033
Numeral Injection,557,0,-0.011568725109100342
Numeral Injection,558,0,0.0014820098876953125
Numeral Injection,559,0,4.7206878662109375e-05
Numeral Injection,560,0,-0.0026460886001586914
Numeral Injection,561,0,0.027267813682556152
Numeral Injection,562,0,-0.0774431824684143
Numeral Injection,563,0,-0.10042548179626465
Numeral Injection,564,0,-0.13205814361572266
Numeral Injection,565,0,0.010488390922546387
Numeral Injection,566,1,-0.216680645942688
Numeral Injection,567,1,-0.021955013275146484
Numeral Injection,568,0,-0.052570462226867676
Numeral Injection,569,0,-0.001112520694732666
Numeral Injection,570,0,0.016680538654327393
Numeral Injection,571,0,0.04794532060623169
Numeral Injection,572,1,0.14883464574813843
Numeral Injection,573,0,-0.005055606365203857
Numeral Injection,574,0,-0.1205132007598877
Numeral Injection,575,0,-0.022081732749938965
Numeral Injection,576,0,-0.00950843095779419
Numeral Injection,577,0,-0.05036342144012451
Numeral Injection,578,0,0.1504746675491333
Numeral Injection,579,0,-0.005349218845367432
Numeral Injection,580,0,-0.22188091278076172
Numeral Injection,581,0,-0.03473716974258423
Numeral Injection,582,0,-0.0006508231163024902
Numeral Injection,583,0,-0.00023001432418823242
Numeral Injection,584,0,-0.01299375295639038
Numeral Injection,585,0,-0.0579533576965332
Numeral Injection,586,0,-0.0197107195854187
Numeral Injection,587,0,-0.016537487506866455
Numeral Injection,588,0,-0.022562623023986816
Numeral Injection,589,0,-0.0013204216957092285
Numeral Injection,590,0,0.00016629695892333984
Numeral Injection,591,0,-0.005411863327026367
Numeral Injection,592,0,-0.0010780096054077148
Numeral Injection,593,1,0.23188942670822144
Numeral Injection,594,0,0.01073157787322998
Numeral Injection,595,0,-0.006775915622711182
Numeral Injection,596,1,-0.27923691272735596
Numeral Injection,597,0,0.09866368770599365
Numeral Injection,598,0,-0.008970260620117188
Numeral Injection,599,0,0.000736534595489502
Whitespace Flood,0,0,0.0008176565170288086
Whitespace Flood,1,0,0.0011265873908996582
Whitespace Flood,2,0,-0.03266596794128418
Whitespace Flood,3,1,0.2984810471534729
Whitespace Flood,4,0,-0.1643657684326172
Whitespace Flood,5,0,-0.3147885799407959
Whitespace Flood,6,1,-0.1783340573310852
Whitespace Flood,7,0,-0.009373307228088379
Whitespace Flood,8,1,0.08696603775024414
Whitespace Flood,9,1,0.3518543839454651
Whitespace Flood,10,1,0.0456392765045166
Whitespace Flood,11,0,-0.018178880214691162
Whitespace Flood,12,0,0.33365219831466675
Whitespace Flood,13,0,0.11875957250595093
Whitespace Flood,14,0,0.38266444206237793
Whitespace Flood,15,0,-0.011553764343261719
Whitespace Flood,16,0,-0.0006834268569946289
Whitespace Flood,17,0,-0.05503511428833008
Whitespace Flood,18,0,0.07730263471603394
Whitespace Flood,19,0,0.015714406967163086
Whitespace Flood,20,0,-0.013485431671142578
Whitespace Flood,21,0,-0.20244431495666504
Whitespace Flood,22,0,0.23307543992996216
Whitespace Flood,23,0,0.039985835552215576
Whitespace Flood,24,0,-0.017467737197875977
Whitespace Flood,25,0,-0.19607561826705933
Whitespace Flood,26,0,-0.03137463331222534
Whitespace Flood,27,1,0.27443188428878784
Whitespace Flood,28,0,0.024987459182739258
Whitespace Flood,29,1,0.16969531774520874
Whitespace Flood,30,0,0.004377305507659912
Whitespace Flood,31,0,-0.17698776721954346
Whitespace Flood,32,0,-0.07516252994537354
Whitespace Flood,33,0,0.004575252532958984
Whitespace Flood,34,0,-0.15342819690704346
Whitespace Flood,35,1,-0.3334078788757324
Whitespace Flood,36,0,-0.18869620561599731
Whitespace Flood,37,1,-0.26038050651550293
Whitespace Flood,38,1,0.16472595930099487
Whitespace Flood,39,0,-0.11793071031570435
Whitespace Flood,40,0,-0.13676834106445312
Whitespace Flood,41,1,0.37497901916503906
Whitespace Flood,42,1,0.014353454113006592
Whitespace Flood,43,0,-0.013235211372375488
Whitespace Flood,44,0,-0.0073049068450927734
Whitespace Flood,45,0,0.09642350673675537
Whitespace Flood,46,1,-0.33832138776779175
Whitespace Flood,47,0,-0.10171127319335938
Whitespace Flood,48,1,0.18088775873184204
Whitespace Flood,49,0,-0.07569873332977295
Whitespace Flood,50,0,-0.03910863399505615
Whitespace Flood,51,0,-0.023695528507232666
Whitespace Flood,52,0,-0.010784924030303955
Whitespace Flood,53,0,0.05888676643371582
Whitespace Flood,54,1,-0.17471492290496826
Whitespace Flood,55,0,-0.018421590328216553
Whitespace Flood,56,0,-0.20678341388702393
Whitespace Flood,57,0,0.06601446866989136
Whitespace Flood,58,1,0.051656365394592285
Whitespace Flood,59,0,-0.008300244808197021
Whitespace Flood,60,0,-0.005235016345977783
Whitespace Flood,61,1,-0.3597201704978943
Whitespace Flood,62,0,0.020217597484588623
Whitespace Flood,63,0,-0.00017517805099487305
Whitespace Flood,64,1,-0.27610915899276733
Whitespace Flood,65,1,0.1282740831375122
Whitespace Flood,66,1,-0.24482423067092896
Whitespace Flood,67,0,-0.007323801517486572
Whitespace Flood,68,0,0.07905429601669312
Whitespace Flood,69,0,0.227283775806427
Whitespace Flood,70,0,0.0029844045639038086
Whitespace Flood,71,0,-0.10990989208221436
Whitespace Flood,72,0,-0.11417281627655029
Whitespace Flood,73,1,0.14806228876113892
Whitespace Flood,74,0,-0.14707517623901367
Whitespace Flood,75,0,-0.027213573455810547
Whitespace Flood,76,0,-0.020502150058746338
Whitespace Flood,77,0,-0.0028080344200134277
Whitespace Flood,78,0,0.0012218952178955078
Whitespace Flood,79,0,-0.021686136722564697
Whitespace Flood,80,0,0.01718759536743164
Whitespace Flood,81,0,0.04753434658050537
Whitespace Flood,82,0,-0.06473088264465332
Whitespace Flood,83,0,-0.11615854501724243
Whitespace Flood,84,1,0.020148634910583496
Whitespace Flood,85,0,-0.1581595540046692
Whitespace Flood,86,0,-0.11927348375320435
Whitespace Flood,87,0,-0.016546666622161865
Whitespace Flood,88,0,-0.060755372047424316
Whitespace Flood,89,0,-0.09270668029785156
Whitespace Flood,90,0,-0.009035646915435791
Whitespace Flood,91,0,-0.0057555437088012695
Whitespace Flood,92,0,-0.12496781349182129
Whitespace Flood,93,0,-0.34151530265808105
Whitespace Flood,94,0,-0.010588347911834717
Whitespace Flood,95,1,-0.1652238368988037
Whitespace Flood,96,0,-0.3542912006378174
Whitespace Flood,97,0,0.007789015769958496
Whitespace Flood,98,1,-0.1266046166419983
Whitespace Flood,99,1,0.2607271075248718
Whitespace Flood,100,0,-0.0930754542350769
Whitespace Flood,101,0,-0.00544130802154541
Whitespace Flood,102,0,-0.005050361156463623
Whitespace Flood,103,0,-0.14961975812911987
Whitespace Flood,104,1,-0.10524201393127441
Whitespace Flood,105,0,-0.09791284799575806
Whitespace Flood,106,0,-0.11756396293640137
Whitespace Flood,107,0,0.00010859966278076172
Whitespace Flood,108,1,0.2723430395126343
Whitespace Flood,109,1,0.04910916090011597
Whitespace Flood,110,0,-0.0006378889083862305
Whitespace Flood,111,0,-0.11251461505889893
Whitespace Flood,112,1,-0.45086634159088135
Whitespace Flood,113,1,-0.3087770342826843
Whitespace Flood,114,1,0.28146517276763916
Whitespace Flood,115,0,-0.01471787691116333
Whitespace Flood,116,0,-0.0009133219718933105
Whitespace Flood,117,0,-0.009866595268249512
Whitespace Flood,118,1,-0.3639802932739258
Whitespace Flood,119,0,0.0020584464073181152
Whitespace Flood,120,1,-0.07789218425750732
Whitespace Flood,121,1,0.345708966255188
Whitespace Flood,122,0,-0.10997617244720459
Whitespace Flood,123,0,-0.030365169048309326
Whitespace Flood,124,0,0.27839601039886475
Whitespace Flood,125,1,-0.09675967693328857
Whitespace Flood,126,0,0.20069879293441772
Whitespace Flood,127,0,0.06704849004745483
Whitespace Flood,128,0,-0.0009835362434387207
Whitespace Flood,129,1,-0.1078367829322815
Whitespace Flood,130,0,-0.007552921772003174
Whitespace Flood,131,0,0.3720471262931824
Whitespace Flood,132,0,-0.15330511331558228
Whitespace Flood,133,1,-0.2275201678276062
Whitespace Flood,134,0,0.0045680999755859375
Whitespace Flood,135,0,-0.002766728401184082
Whitespace Flood,136,0,-0.021162033081054688
Whitespace Flood,137,1,-0.1557881236076355
Whitespace Flood,138,0,0.0010322332382202148
Whitespace Flood,139,0,-0.1173783540725708
Whitespace Flood,140,0,-0.0008026361465454102
Whitespace Flood,141,0,0.4706840515136719
Whitespace Flood,142,0,-0.015191793441772461
Whitespace Flood,143,0,-0.062081217765808105
Whitespace Flood,144,0,0.27538084983825684
Whitespace Flood,145,0,-0.03401845693588257
Whitespace Flood,146,0,-0.16563904285430908
Whitespace Flood,147,0,-0.10690003633499146
Whitespace Flood,148,0,-0.0040999650955200195
Whitespace Flood,149,0,0.056735992431640625
Whitespace Flood,150,0,0.31152504682540894
Whitespace Flood,151,0,-0.004493892192840576
Whitespace Flood,152,1,-0.24711310863494873
Whitespace Flood,153,0,-0.0004628300666809082
Whitespace Flood,154,0,-0.0005562305450439453
Whitespace Flood,155,0,-0.43382954597473145
Whitespace Flood,156,0,-0.11827439069747925
Whitespace Flood,157,0,0.007006287574768066
Whitespace Flood,158,0,0.011940300464630127
Whitespace Flood,159,1,-0.275080144405365
Whitespace Flood,160,0,-0.03795880079269409
Whitespace Flood,161,0,-0.004734337329864502
Whitespace Flood,162,0,0.40195441246032715
Whitespace Flood,163,1,0.37912410497665405
Whitespace Flood,164,0,0.005337655544281006
Whitespace Flood,165,0,-0.17600804567337036
Whitespace Flood,166,0,-0.02512049674987793
Whitespace Flood,167,0,-0.0004557967185974121
Whitespace Flood,168,0,0.018071889877319336
Whitespace Flood,169,0,-0.0026684999465942383
Whitespace Flood,170,0,-0.006819188594818115
Whitespace Flood,171,0,-0.015148937702178955
Whitespace Flood,172,0,0.0003059506416320801
Whitespace Flood,173,1,-0.2550584077835083
Whitespace Flood,174,0,0.4293949604034424
Whitespace Flood,175,1,-0.15271055698394775
Whitespace Flood,176,0,-0.026714086532592773
Whitespace Flood,177,1,-0.21847718954086304
Whitespace Flood,178,0,0.47156476974487305
Whitespace Flood,179,0,-0.003443419933319092
Whitespace Flood,180,0,-0.08608412742614746
Whitespace Flood,181,0,0.27092766761779785
Whitespace Flood,182,0,-0.004100501537322998
Whitespace Flood,183,0,-0.06130993366241455
Whitespace Flood,184,0,-0.011873066425323486
Whitespace Flood,185,0,-0.25565481185913086
Whitespace Flood,186,0,-0.21224206686019897
Whitespace Flood,187,1,0.001124560832977295
Whitespace Flood,188,0,-0.04477429389953613
Whitespace Flood,189,0,-0.0359041690826416
Whitespace Flood,190,1,0.266584575176239
Whitespace Flood,191,1,0.34607601165771484
Whitespace Flood,192,0,0.13815391063690186
Whitespace Flood,193,0,-0.2578589916229248
Whitespace Flood,194,0,0.2734110951423645
Whitespace Flood,195,0,-0.265468955039978
Whitespace Flood,196,0,-0.007887005805969238
Whitespace Flood,197,0,-0.002744019031524658
Whitespace Flood,198,0,0.14102894067764282
Whitespace Flood,199,0,-0.3512677550315857
Whitespace Flood,200,0,-0.0644615888595581
Whitespace Flood,201,0,0.12077051401138306
Whitespace Flood,202,0,-0.0010096430778503418
Whitespace Flood,203,1,0.02538585662841797
Whitespace Flood,204,1,0.02960216999053955
Whitespace Flood,205,0,-0.008340299129486084
Whitespace Flood,206,0,0.061966776847839355
Whitespace Flood,207,0,-0.18282967805862427
Whitespace Flood,208,0,-0.04640913009643555
Whitespace Flood,209,0,-0.439689576625824
Whitespace Flood,210,0,-0.011051177978515625
Whitespace Flood,211,1,0.05514264106750488
Whitespace Flood,212,0,-0.009813308715820312
Whitespace Flood,213,0,-0.0010588765144348145
Whitespace Flood,214,1,0.4261395335197449
Whitespace Flood,215,0,-0.015074968338012695
Whitespace Flood,216,0,0.0024385452270507812
Whitespace Flood,217,0,-0.02628934383392334
Whitespace Flood,218,0,-0.051546335220336914
Whitespace Flood,219,0,-0.0084228515625
Whitespace Flood,220,0,0.00012159347534179688
Whitespace Flood,221,0,0.0412411093711853
Whitespace Flood,222,1,-0.19653576612472534
Whitespace Flood,223,1,-0.39908212423324585
Whitespace Flood,224,1,0.15481632947921753
Whitespace Flood,225,0,0.08847242593765259
Whitespace Flood,226,1,0.3953794240951538
Whitespace Flood,227,0,-3.993511199951172e-06
Whitespace Flood,228,0,0.013600587844848633
Whitespace Flood,229,1,0.18746143579483032
Whitespace Flood,230,0,-0.04739785194396973
Whitespace Flood,231,0,0.0023621320724487305
Whitespace Flood,232,0,-0.08839172124862671
Whitespace Flood,233,0,-0.09197008609771729
Whitespace Flood,234,1,-0.046126604080200195
Whitespace Flood,235,1,-0.3671844005584717
Whitespace Flood,236,0,0.007776618003845215
Whitespace Flood,237,0,-0.21641749143600464
Whitespace Flood,238,1,-0.08680975437164307
Whitespace Flood,239,0,0.005924642086029053
Whitespace Flood,240,0,-0.37060225009918213
Whitespace Flood,241,0,-0.0470699667930603
Whitespace Flood,242,0,0.011670470237731934
Whitespace Flood,243,0,-0.08754348754882812
Whitespace Flood,244,0,-0.004556894302368164
Whitespace Flood,245,0,-0.18693602085113525
Whitespace Flood,246,0,0.3693183660507202
Whitespace Flood,247,0,-0.02541440725326538
Whitespace Flood,248,1,-0.10822814702987671
Whitespace Flood,249,0,-0.091083824634552
Whitespace Flood,250,0,-0.009834885597229004
Whitespace Flood,251,0,-0.004397273063659668
Whitespace Flood,252,0,-0.034599483013153076
Whitespace Flood,253,0,0.38622355461120605
Whitespace Flood,254,0,-0.030884265899658203
Whitespace Flood,255,0,-0.0701981782913208
Whitespace Flood,256,0,-0.18766355514526367
Whitespace Flood,257,0,-0.06911033391952515
Whitespace Flood,258,0,0.08199745416641235
Whitespace Flood,259,0,-0.3487703204154968
Whitespace Flood,260,0,0.018811821937561035
Whitespace Flood,261,0,-0.032595813274383545
Whitespace Flood,262,0,0.26742827892303467
Whitespace Flood,263,0,0.009783029556274414
Whitespace Flood,264,1,-0.10242819786071777
Whitespace Flood,265,1,-0.14663177728652954
Whitespace Flood,266,0,-0.04012882709503174
Whitespace Flood,267,1,-0.08113127946853638
Whitespace Flood,268,0,-0.10869532823562622
Whitespace Flood,269,0,-0.003911316394805908
Whitespace Flood,270,0,0.025354325771331787
Whitespace Flood,271,1,-0.04280942678451538
Whitespace Flood,272,0,-0.18839138746261597
Whitespace Flood,273,0,-0.01660597324371338
Whitespace Flood,274,0,-0.07971596717834473
Whitespace Flood,275,0,-0.2680213451385498
Whitespace Flood,276,0,0.03646814823150635
Whitespace Flood,277,0,0.010102272033691406
Whitespace Flood,278,0,0.30088287591934204
Whitespace Flood,279,0,-0.3702186346054077
Whitespace Flood,280,0,-0.006408989429473877
Whitespace Flood,281,0,-0.021140992641448975
Whitespace Flood,282,0,0.4546806216239929
Whitespace Flood,283,0,-0.11439400911331177
Whitespace Flood,284,0,-0.09465998411178589
Whitespace Flood,285,0,-0.40213918685913086
Whitespace Flood,286,0,-0.02202296257019043
Whitespace Flood,287,0,-0.005601942539215088
Whitespace Flood,288,0,-0.0013694167137145996
Whitespace Flood,289,0,-0.024833261966705322
Whitespace Flood,290,0,-0.0014573335647583008
Whitespace Flood,291,0,-0.11331981420516968
Whitespace Flood,292,1,-0.2561635375022888
Whitespace Flood,293,1,-0.26804977655410767
Whitespace Flood,294,0,0.04411971569061279
Whitespace Flood,295,0,-0.01146090030670166
Whitespace Flood,296,1,-0.1655430793762207
Whitespace Flood,297,0,-0.03848010301589966
Whitespace Flood,298,0,-0.06912356615066528
Whitespace Flood,299,0,-0.18801480531692505
Whitespace Flood,300,0,0.0015796422958374023
Whitespace Flood,301,0,-0.29576224088668823
Whitespace Flood,302,0,-0.059796690940856934
Whitespace Flood,303,0,0.2109537124633789
Whitespace Flood,304,1,-0.26500600576400757
Whitespace Flood,305,0,-0.26150697469711304
Whitespace Flood,306,0,-0.0033530592918395996
Whitespace Flood,307,0,-0.03811746835708618
Whitespace Flood,308,1,-0.07137572765350342
Whitespace Flood,309,0,0.044625043869018555
Whitespace Flood,310,1,-0.032792091369628906
Whitespace Flood,311,0,-0.07771861553192139
Whitespace Flood,312,1,-0.4154288172721863
Whitespace Flood,313,0,0.058440983295440674
Whitespace Flood,314,0,-0.12618422508239746
Whitespace Flood,315,0,-0.05112117528915405
Whitespace Flood,316,1,-0.4493834376335144
Whitespace Flood,317,0,0.00045871734619140625
Whitespace Flood,318,1,-0.024284839630126953
Whitespace Flood,319,0,-0.16923624277114868
Whitespace Flood,320,1,-0.25665003061294556
Whitespace Flood,321,0,0.23577004671096802
Whitespace Flood,322,0,-0.20008093118667603
Whitespace Flood,323,1,0.4100800156593323
Whitespace Flood,324,0,-0.021069884300231934
Whitespace Flood,325,0,-0.0241507887840271
Whitespace Flood,326,0,-0.18357515335083008
Whitespace Flood,327,0,-0.008740425109863281
Whitespace Flood,328,1,-0.0468023419380188
Whitespace Flood,329,0,-0.30764394998550415
Whitespace Flood,330,0,-0.002411782741546631
Whitespace Flood,331,0,-0.02748262882232666
Whitespace Flood,332,1,0.2600206732749939
Whitespace Flood,333,0,-0.004629909992218018
Whitespace Flood,334,0,0.030604541301727295
Whitespace Flood,335,1,0.31366270780563354
Whitespace Flood,336,0,0.006071269512176514
Whitespace Flood,337,0,-0.293133020401001
Whitespace Flood,338,0,-0.0026192069053649902
Whitespace Flood,339,0,-0.05106222629547119
Whitespace Flood,340,0,-0.006291389465332031
Whitespace Flood,341,0,-0.11595255136489868
Whitespace Flood,342,0,-0.02720189094543457
Whitespace Flood,343,0,-0.22922563552856445
Whitespace Flood,344,0,0.004269957542419434
Whitespace Flood,345,0,-0.15841048955917358
Whitespace Flood,346,1,-0.0415765643119812
Whitespace Flood,347,0,-0.06215578317642212
Whitespace Flood,348,1,-0.3910685181617737
Whitespace Flood,349,0,0.40252864360809326
Whitespace Flood,350,0,-0.014913558959960938
Whitespace Flood,351,0,-0.017679274082183838
Whitespace Flood,352,0,-0.01837456226348877
Whitespace Flood,353,0,0.09453088045120239
Whitespace Flood,354,0,-0.3410608172416687
Whitespace Flood,355,1,0.23603898286819458
Whitespace Flood,356,0,-0.07971489429473877
Whitespace Flood,357,1,0.03307545185089111
Whitespace Flood,358,0,-0.009252727031707764
Whitespace Flood,359,1,0.10931462049484253
Whitespace Flood,360,0,-0.0718991756439209
Whitespace Flood,361,0,-0.09992682933807373
Whitespace Flood,362,0,-0.012318789958953857
Whitespace Flood,363,0,-0.0386885404586792
Whitespace Flood,364,1,0.3620229959487915
Whitespace Flood,365,1,0.015377402305603027
Whitespace Flood,366,1,0.43629002571105957
Whitespace Flood,367,0,-0.005380451679229736
Whitespace Flood,368,0,0.07240796089172363
Whitespace Flood,369,0,-0.03626781702041626
Whitespace Flood,370,1,-0.2691592574119568
Whitespace Flood,371,0,0.1289830207824707
Whitespace Flood,372,0,0.1663433313369751
Whitespace Flood,373,1,-0.43381303548812866
Whitespace Flood,374,1,-0.3266451358795166
Whitespace Flood,375,1,0.14317691326141357
Whitespace Flood,376,0,0.3375263810157776
Whitespace Flood,377,0,-0.15917932987213135
Whitespace Flood,378,0,-0.39338183403015137
Whitespace Flood,379,1,0.23501312732696533
Whitespace Flood,380,0,0.0015197992324829102
Whitespace Flood,381,0,0.005232453346252441
Whitespace Flood,382,1,-0.0311964750289917
Whitespace Flood,383,0,0.002784252166748047
Whitespace Flood,384,0,-0.14773380756378174
Whitespace Flood,385,0,-0.22581595182418823
Whitespace Flood,386,0,-0.3049587607383728
Whitespace Flood,387,0,0.0011864900588989258
Whitespace Flood,388,0,-0.008800923824310303
Whitespace Flood,389,0,0.008473753929138184
Whitespace Flood,390,0,-0.2639601230621338
Whitespace Flood,391,0,-0.1362217664718628
Whitespace Flood,392,0,-0.011968374252319336
Whitespace Flood,393,1,0.014773070812225342
Whitespace Flood,394,0,0.14999985694885254
Whitespace Flood,395,0,0.06123507022857666
Whitespace Flood,396,0,-0.07078313827514648
Whitespace Flood,397,1,-0.11206305027008057
Whitespace Flood,398,1,-0.10507583618164062
Whitespace Flood,399,0,-0.17665380239486694
Whitespace Flood,400,1,-0.13389426469802856
Whitespace Flood,401,1,-0.012699306011199951
Whitespace Flood,402,0,-0.08234655857086182
Whitespace Flood,403,0,-8.404254913330078e-05
Whitespace Flood,404,0,-0.2686954140663147
Whitespace Flood,405,0,0.0028551220893859863
Whitespace Flood,406,0,-0.022388756275177002
Whitespace Flood,407,1,0.04040282964706421
Whitespace Flood,408,1,0.27354341745376587
Whitespace Flood,409,0,-0.013912320137023926
Whitespace Flood,410,0,-0.14772909879684448
Whitespace Flood,411,0,-0.04145646095275879
Whitespace Flood,412,0,-0.004832625389099121
Whitespace Flood,413,0,-0.1131361722946167
Whitespace Flood,414,1,0.4578596353530884
Whitespace Flood,415,0,-0.025684654712677002
Whitespace Flood,416,0,-0.14696353673934937
Whitespace Flood,417,0,-0.004928708076477051
Whitespace Flood,418,0,0.0010505914688110352
Whitespace Flood,419,0,0.06482142210006714
Whitespace Flood,420,0,-0.046423912048339844
Whitespace Flood,421,0,-0.049757182598114014
Whitespace Flood,422,0,0.0076708197593688965
Whitespace Flood,423,0,-0.43594568967819214
Whitespace Flood,424,0,-0.05700808763504028
Whitespace Flood,425,0,-0.06779605150222778
Whitespace Flood,426,0,-0.4427892565727234
Whitespace Flood,427,0,-0.22561967372894287
Whitespace Flood,428,0,0.04279440641403198
Whitespace Flood,429,0,-0.41136741638183594
Whitespace Flood,430,0,0.08554363250732422
Whitespace Flood,431,0,0.0730276107788086
Whitespace Flood,432,0,0.014793634414672852
Whitespace Flood,433,0,0.01894509792327881
Whitespace Flood,434,0,-0.10534203052520752
Whitespace Flood,435,0,-0.28028029203414917
Whitespace Flood,436,0,-0.048523545265197754
Whitespace Flood,437,0,-0.002448856830596924
Whitespace Flood,438,0,-0.0017828941345214844
Whitespace Flood,439,0,0.38141191005706787
Whitespace Flood,440,0,-0.06642019748687744
Whitespace Flood,441,0,-0.0004904866218566895
Whitespace Flood,442,0,-0.26055043935775757
Whitespace Flood,443,0,-0.010348677635192871
Whitespace Flood,444,1,0.28288817405700684
Whitespace Flood,445,0,-0.38393551111221313
Whitespace Flood,446,0,-0.00016742944717407227
Whitespace Flood,447,0,-0.004473626613616943
Whitespace Flood,448,0,-0.1041262149810791
Whitespace Flood,449,1,-0.16031789779663086
Whitespace Flood,450,0,-0.0048310160636901855
Whitespace Flood,451,1,-0.02271932363510132
Whitespace Flood,452,1,-0.16134750843048096
Whitespace Flood,453,1,-0.14092707633972168
Whitespace Flood,454,0,-0.38849323987960815
Whitespace Flood,455,0,-0.2572343349456787
Whitespace Flood,456,1,0.2053651213645935
Whitespace Flood,457,0,-1.3828277587890625e-05
Whitespace Flood,458,0,-0.022512376308441162
Whitespace Flood,459,0,0.01200324296951294
Whitespace Flood,460,0,-0.02181851863861084
Whitespace Flood,461,0,0.07265728712081909
Whitespace Flood,462,1,-0.32737135887145996
Whitespace Flood,463,0,-0.10055989027023315
Whitespace Flood,464,0,-0.0010548830032348633
Whitespace Flood,465,0,-0.008755207061767578
Whitespace Flood,466,0,-0.07790929079055786
Whitespace Flood,467,0,0.09282064437866211
Whitespace Flood,468,0,-0.11194097995758057
Whitespace Flood,469,1,-0.3641114830970764
Whitespace Flood,470,0,-0.020348310470581055
Whitespace Flood,471,0,-0.021412432193756104
Whitespace Flood,472,0,-0.2628914713859558
Whitespace Flood,473,0,0.004846751689910889
Whitespace Flood,474,1,-0.14714395999908447
Whitespace Flood,475,1,-0.40972888469696045
Whitespace Flood,476,1,-0.0873212218284607
Whitespace Flood,477,1,-0.09119504690170288
Whitespace Flood,478,0,0.26130586862564087
Whitespace Flood,479,1,-0.05570793151855469
Whitespace Flood,480,0,0.07554584741592407
Whitespace Flood,481,0,0.00011551380157470703
Whitespace Flood,482,0,-0.06470346450805664
Whitespace Flood,483,0,-0.000246584415435791
Whitespace Flood,484,0,-0.3325809836387634
Whitespace Flood,485,1,-0.05790966749191284
Whitespace Flood,486,1,0.040328383445739746
Whitespace Flood,487,0,-0.32070040702819824
Whitespace Flood,488,1,0.4209246039390564
Whitespace Flood,489,1,-0.12528228759765625
Whitespace Flood,490,0,-0.04110074043273926
Whitespace Flood,491,0,-0.16583585739135742
Whitespace Flood,492,0,0.0038924813270568848
Whitespace Flood,493,0,0.2709082365036011
Whitespace Flood,494,0,-0.07713234424591064
Whitespace Flood,495,0,0.1460210084915161
Whitespace Flood,496,0,-0.016078293323516846
Whitespace Flood,497,0,-0.0014156103134155273
Whitespace Flood,498,1,-0.18169903755187988
Whitespace Flood,499,1,-0.28532207012176514
Whitespace Flood,500,0,-0.1172248125076294
Whitespace Flood,501,0,-0.14434492588043213
Whitespace Flood,502,0,-0.06188666820526123
Whitespace Flood,503,1,0.28797483444213867
Whitespace Flood,504,0,-0.0018541812896728516
Whitespace Flood,505,0,0.017988860607147217
Whitespace Flood,506,0,0.07386571168899536
Whitespace Flood,507,0,0.2918553352355957
Whitespace Flood,508,0,-0.01252657175064087
Whitespace Flood,509,0,-0.15430504083633423
Whitespace Flood,510,1,-0.4050813317298889
Whitespace Flood,511,0,-0.11049646139144897
Whitespace Flood,512,0,-0.1028255820274353
Whitespace Flood,513,0,-0.280830979347229
Whitespace Flood,514,0,0.007480919361114502
Whitespace Flood,515,0,0.005573928356170654
Whitespace Flood,516,1,-0.09509176015853882
Whitespace Flood,517,0,-0.30766117572784424
Whitespace Flood,518,0,-0.03435349464416504
Whitespace Flood,519,0,-0.0020471811294555664
Whitespace Flood,520,0,0.05594569444656372
Whitespace Flood,521,0,-0.35094964504241943
Whitespace Flood,522,0,-0.013644099235534668
Whitespace Flood,523,0,-0.16273468732833862
Whitespace Flood,524,0,0.4293685555458069
Whitespace Flood,525,0,-0.026110589504241943
Whitespace Flood,526,1,-0.4935998320579529
Whitespace Flood,527,0,-0.047531723976135254
Whitespace Flood,528,0,-0.05245703458786011
Whitespace Flood,529,0,0.1409391164779663
Whitespace Flood,530,0,-0.08296597003936768
Whitespace Flood,531,0,0.3364279866218567
Whitespace Flood,532,0,-0.06995707750320435
Whitespace Flood,533,0,0.003512561321258545
Whitespace Flood,534,1,-0.3344111442565918
Whitespace Flood,535,1,-0.25608211755752563
Whitespace Flood,536,1,-0.11058551073074341
Whitespace Flood,537,0,-0.057544171810150146
Whitespace Flood,538,0,-0.22393035888671875
Whitespace Flood,539,1,0.1900579333305359
Whitespace Flood,540,0,-0.00034171342849731445
Whitespace Flood,541,1,0.0005729794502258301
Whitespace Flood,542,1,-0.45167744159698486
Whitespace Flood,543,1,0.24577999114990234
Whitespace Flood,544,1,0.1732310652732849
Whitespace Flood,545,0,-0.29408442974090576
Whitespace Flood,546,0,-0.022440671920776367
Whitespace Flood,547,0,0.0006036758422851562
Whitespace Flood,548,0,-0.3091896176338196
Whitespace Flood,549,0,0.015344440937042236
Whitespace Flood,550,1,0.03563570976257324
Whitespace Flood,551,0,-0.009844541549682617
Whitespace Flood,552,0,-0.26453107595443726
Whitespace Flood,553,1,-0.08059096336364746
Whitespace Flood,554,0,0.014415442943572998
Whitespace Flood,555,0,0.2177872657775879
Whitespace Flood,556,0,0.15255075693130493
Whitespace Flood,557,0,-0.10385006666183472
Whitespace Flood,558,0,-0.06234854459762573
Whitespace Flood,559,0,-0.002148270606994629
Whitespace Flood,560,0,-0.03137040138244629
Whitespace Flood,561,0,-0.057660043239593506
Whitespace Flood,562,0,0.008370578289031982
Whitespace Flood,563,0,-0.08385002613067627
Whitespace Flood,564,0,-0.13227206468582153
Whitespace Flood,565,0,0.017305970191955566
Whitespace Flood,566,1,0.19087344408035278
Whitespace Flood,567,1,-0.3709132671356201
Whitespace Flood,568,1,-0.17457807064056396
Whitespace Flood,569,0,-0.003924071788787842
Whitespace Flood,570,0,0.019274532794952393
Whitespace Flood,571,0,0.014729499816894531
Whitespace Flood,572,1,-0.0941692590713501
Whitespace Flood,573,0,-0.0065569281578063965
Whitespace Flood,574,0,-0.15476274490356445
Whitespace Flood,575,0,-0.06538659334182739
Whitespace Flood,576,0,-0.02848893404006958
Whitespace Flood,577,1,0.14509862661361694
Whitespace Flood,578,1,0.06924569606781006
Whitespace Flood,579,0,0.021884679794311523
Whitespace Flood,580,0,-0.20444601774215698
Whitespace Flood,581,1,0.04173523187637329
Whitespace Flood,582,0,0.014180243015289307
Whitespace Flood,583,0,-0.00913769006729126
Whitespace Flood,584,0,-0.20992016792297363
Whitespace Flood,585,0,0.2155168056488037
Whitespace Flood,586,0,-0.025930166244506836
Whitespace Flood,587,0,-0.06165081262588501
Whitespace Flood,588,0,-0.006597757339477539
Whitespace Flood,589,0,-0.0022333860397338867
Whitespace Flood,590,0,-0.18773943185806274
Whitespace Flood,591,0,0.0034592747688293457
Whitespace Flood,592,0,-0.012946903705596924
Whitespace Flood,593,1,0.45567554235458374
Whitespace Flood,594,1,-0.2408449649810791
Whitespace Flood,595,0,-0.011083364486694336
Whitespace Flood,596,1,0.1366581916809082
Whitespace Flood,597,0,0.2621472477912903
Whitespace Flood,598,0,-0.0425986647605896
Whitespace Flood,599,0,0.0010740160942077637
Hashtag Padding,0,0,0.0
Hashtag Padding,1,0,0.0
Hashtag Padding,2,0,0.0
Hashtag Padding,3,0,1.7881393432617188e-07
Hashtag Padding,4,0,0.0
Hashtag Padding,5,0,-5.960464477539063e-08
Hashtag Padding,6,0,-5.960464477539063e-08
Hashtag Padding,7,0,-0.0005402565002441406
Hashtag Padding,8,0,-2.980232238769531e-07
Hashtag Padding,9,0,0.0
Hashtag Padding,10,0,1.1920928955078125e-07
Hashtag Padding,11,0,0.0
Hashtag Padding,12,0,-4.172325134277344e-07
Hashtag Padding,13,0,1.7881393432617188e-07
Hashtag Padding,14,0,-1.7881393432617188e-07
Hashtag Padding,15,0,0.0
Hashtag Padding,16,0,0.0005338191986083984
Hashtag Padding,17,0,-5.960464477539063e-08
Hashtag Padding,18,0,-5.960464477539063e-08
Hashtag Padding,19,0,0.0
Hashtag Padding,20,0,0.0
Hashtag Padding,21,0,0.0
Hashtag Padding,22,0,-3.5762786865234375e-07
Hashtag Padding,23,0,0.0
Hashtag Padding,24,0,0.0
Hashtag Padding,25,0,0.0
Hashtag Padding,26,0,-0.02050471305847168
Hashtag Padding,27,1,0.14147448539733887
Hashtag Padding,28,0,0.0
Hashtag Padding,29,0,5.960464477539063e-08
Hashtag Padding,30,0,0.0
Hashtag Padding,31,0,0.0
Hashtag Padding,32,0,0.0
Hashtag Padding,33,0,0.002678513526916504
Hashtag Padding,34,0,2.384185791015625e-07
Hashtag Padding,35,0,0.0
Hashtag Padding,36,0,0.0
Hashtag Padding,37,0,-1.1920928955078125e-07
Hashtag Padding,38,0,-2.384185791015625e-07
Hashtag Padding,39,0,0.0
Hashtag Padding,40,0,-0.08281755447387695
Hashtag Padding,41,0,-0.09560483694076538
Hashtag Padding,42,0,-0.09831029176712036
Hashtag Padding,43,0,0.0
Hashtag Padding,44,0,0.0
Hashtag Padding,45,0,-2.980232238769531e-07
Hashtag Padding,46,0,0.0
Hashtag Padding,47,0,-0.004501700401306152
Hashtag Padding,48,0,-9.5367431640625e-07
Hashtag Padding,49,0,-0.19624364376068115
Hashtag Padding,50,0,-0.11264485120773315
Hashtag Padding,51,0,-0.04600369930267334
Hashtag Padding,52,0,0.0
Hashtag Padding,53,0,0.02198261022567749
Hashtag Padding,54,0,-0.11256861686706543
Hashtag Padding,55,0,0.0
Hashtag Padding,56,0,-5.960464477539063e-08
Hashtag Padding,57,0,-5.960464477539063e-08
Hashtag Padding,58,0,1.1920928955078125e-07
Hashtag Padding,59,0,0.0
Hashtag Padding,60,0,0.0
Hashtag Padding,61,0,1.1920928955078125e-07
Hashtag Padding,62,0,0.006586730480194092
Hashtag Padding,63,0,0.0
Hashtag Padding,64,0,0.0
Hashtag Padding,65,0,-0.08179229497909546
Hashtag Padding,66,0,1.7881393432617188e-07
Hashtag Padding,67,0,0.0
Hashtag Padding,68,0,1.1920928955078125e-07
Hashtag Padding,69,0,1.1920928955078125e-07
Hashtag Padding,70,0,0.0
Hashtag Padding,71,0,0.0
Hashtag Padding,72,0,0.0
Hashtag Padding,73,0,1.1920928955078125e-07
Hashtag Padding,74,0,0.0
Hashtag Padding,75,0,0.0
Hashtag Padding,76,0,0.0
Hashtag Padding,77,0,0.0
Hashtag Padding,78,0,0.0
Hashtag Padding,79,0,5.960464477539063e-08
Hashtag Padding,80,0,-1.1920928955078125e-07
Hashtag Padding,81,0,0.0
Hashtag Padding,82,0,0.0
Hashtag Padding,83,0,0.0
Hashtag Padding,84,0,-5.960464477539063e-08
Hashtag Padding,85,0,0.00022107362747192383
Hashtag Padding,86,0,0.0
Hashtag Padding,87,0,0.0
Hashtag Padding,88,0,-0.042887330055236816
Hashtag Padding,89,0,0.0
Hashtag Padding,90,0,0.0
Hashtag Padding,91,0,0.0
Hashtag Padding,92,0,0.0
Hashtag Padding,93,0,1.1920928955078125e-07
Hashtag Padding,94,0,0.0
Hashtag Padding,95,0,3.5762786865234375e-07
Hashtag Padding,96,0,0.0
Hashtag Padding,97,0,0.0
Hashtag Padding,98,0,1.7881393432617188e-07
Hashtag Padding,99,0,2.980232238769531e-07
Hashtag Padding,100,0,0.0
Hashtag Padding,101,0,0.0
Hashtag Padding,102,0,0.0
Hashtag Padding,103,0,0.0
Hashtag Padding,104,0,-0.37911921739578247
Hashtag Padding,105,0,-0.020493745803833008
Hashtag Padding,106,0,0.0
Hashtag Padding,107,0,0.0
Hashtag Padding,108,0,7.748603820800781e-07
Hashtag Padding,109,0,-2.980232238769531e-07
Hashtag Padding,110,0,0.0
Hashtag Padding,111,0,0.0
Hashtag Padding,112,0,-1.1920928955078125e-07
Hashtag Padding,113,0,-1.1920928955078125e-07
Hashtag Padding,114,0,-5.960464477539063e-08
Hashtag Padding,115,0,0.0
Hashtag Padding,116,0,-2.8133392333984375e-05
Hashtag Padding,117,0,0.0
Hashtag Padding,118,0,0.0
Hashtag Padding,119,0,0.0
Hashtag Padding,120,0,-0.08447718620300293
Hashtag Padding,121,0,0.02892965078353882
Hashtag Padding,122,0,-0.005877792835235596
Hashtag Padding,123,0,-0.0037584900856018066
Hashtag Padding,124,0,5.960464477539062e-07
Hashtag Padding,125,0,5.960464477539063e-08
Hashtag Padding,126,0,-1.1920928955078125e-07
Hashtag Padding,127,0,-0.011771321296691895
Hashtag Padding,128,0,0.0007939934730529785
Hashtag Padding,129,0,-0.03799855709075928
Hashtag Padding,130,0,0.0
Hashtag Padding,131,0,1.1920928955078125e-07
Hashtag Padding,132,0,0.0
Hashtag Padding,133,0,1.1920928955078125e-07
Hashtag Padding,134,0,0.0
Hashtag Padding,135,0,0.0
Hashtag Padding,136,0,-0.0004381537437438965
Hashtag Padding,137,0,0.0
Hashtag Padding,138,0,0.0006228089332580566
Hashtag Padding,139,0,0.0
Hashtag Padding,140,0,0.0
Hashtag Padding,141,0,0.3860699534416199
Hashtag Padding,142,0,0.0
Hashtag Padding,143,0,0.0
Hashtag Padding,144,0,-1.7881393432617188e-07
Hashtag Padding,145,0,0.0
Hashtag Padding,146,0,0.0
Hashtag Padding,147,0,0.0
Hashtag Padding,148,0,0.0
Hashtag Padding,149,0,0.0
Hashtag Padding,150,0,-5.960464477539063e-08
Hashtag Padding,151,0,-0.0001919865608215332
Hashtag Padding,152,0,-1.1920928955078125e-07
Hashtag Padding,153,0,0.0
Hashtag Padding,154,0,0.0
Hashtag Padding,155,0,0.0
Hashtag Padding,156,0,-1.1920928955078125e-07
Hashtag Padding,157,0,-0.008963346481323242
Hashtag Padding,158,0,0.0
Hashtag Padding,159,0,0.0
Hashtag Padding,160,0,0.0
Hashtag Padding,161,0,0.0
Hashtag Padding,162,0,-5.960464477539062e-07
Hashtag Padding,163,0,1.0132789611816406e-06
Hashtag Padding,164,0,0.0
Hashtag Padding,165,0,0.0
Hashtag Padding,166,0,0.0
Hashtag Padding,167,0,0.0008816123008728027
Hashtag Padding,168,0,0.008021652698516846
Hashtag Padding,169,0,0.0
Hashtag Padding,170,0,0.0
Hashtag Padding,171,0,0.0
Hashtag Padding,172,0,0.0
Hashtag Padding,173,0,-0.10599827766418457
Hashtag Padding,174,0,0.16362380981445312
Hashtag Padding,175,0,-1.1920928955078125e-07
Hashtag Padding,176,0,0.0
Hashtag Padding,177,0,1.1920928955078125e-07
Hashtag Padding,178,0,1.1920928955078125e-06
Hashtag Padding,179,0,0.0
Hashtag Padding,180,0,0.0
Hashtag Padding,181,0,1.7881393432617188e-07
Hashtag Padding,182,0,0.0
Hashtag Padding,183,0,-0.009306609630584717
Hashtag Padding,184,0,-0.0002549290657043457
Hashtag Padding,185,0,-0.01087486743927002
Hashtag Padding,186,0,0.0
Hashtag Padding,187,1,0.1891535520553589
Hashtag Padding,188,0,-3.5762786865234375e-07
Hashtag Padding,189,0,1.1920928955078125e-07
Hashtag Padding,190,0,0.03947150707244873
Hashtag Padding,191,0,4.76837158203125e-07
Hashtag Padding,192,0,-1.7881393432617188e-07
Hashtag Padding,193,0,-0.0026068687438964844
Hashtag Padding,194,0,-0.03555929660797119
Hashtag Padding,195,0,5.960464477539063e-08
Hashtag Padding,196,0,-0.00010657310485839844
Hashtag Padding,197,0,-0.0005323886871337891
Hashtag Padding,198,0,-2.384185791015625e-07
Hashtag Padding,199,0,0.0
Hashtag Padding,200,0,0.0
Hashtag Padding,201,0,-5.960464477539063e-08
Hashtag Padding,202,0,0.0
Hashtag Padding,203,0,0.004161357879638672
Hashtag Padding,204,0,0.0
Hashtag Padding,205,0,0.0
Hashtag Padding,206,0,0.0
Hashtag Padding,207,0,0.0
Hashtag Padding,208,0,-2.384185791015625e-07
Hashtag Padding,209,0,-0.001587986946105957
Hashtag Padding,210,0,0.0
Hashtag Padding,211,0,-0.06108391284942627
Hashtag Padding,212,0,0.0
Hashtag Padding,213,0,0.0
Hashtag Padding,214,0,2.980232238769531e-07
Hashtag Padding,215,0,1.7881393432617188e-07
Hashtag Padding,216,0,0.0
Hashtag Padding,217,0,0.0
Hashtag Padding,218,0,-1.1920928955078125e-07
Hashtag Padding,219,0,0.0
Hashtag Padding,220,0,-0.0007533431053161621
Hashtag Padding,221,0,-1.1920928955078125e-07
Hashtag Padding,222,0,0.0
Hashtag Padding,223,0,1.1920928955078125e-07
Hashtag Padding,224,0,5.960464477539063e-08
Hashtag Padding,225,0,-2.384185791015625e-07
Hashtag Padding,226,0,-5.960464477539063e-08
Hashtag Padding,227,0,0.0
Hashtag Padding,228,0,0.0
Hashtag Padding,229,0,1.1920928955078125e-07
Hashtag Padding,230,0,0.0
Hashtag Padding,231,0,0.0
Hashtag Padding,232,0,0.0
Hashtag Padding,233,0,-1.1920928955078125e-07
Hashtag Padding,234,0,5.960464477539063e-08
Hashtag Padding,235,0,0.0
Hashtag Padding,236,0,-0.0002067089080810547
Hashtag Padding,237,1,0.08524465560913086
Hashtag Padding,238,0,-0.0005971193313598633
Hashtag Padding,239,0,0.006476104259490967
Hashtag Padding,240,0,-0.018160462379455566
Hashtag Padding,241,0,0.0
Hashtag Padding,242,0,-0.0006785392761230469
Hashtag Padding,243,0,1.1920928955078125e-07
Hashtag Padding,244,0,0.0
Hashtag Padding,245,0,0.0
Hashtag Padding,246,0,0.13609355688095093
Hashtag Padding,247,0,-0.3946712017059326
Hashtag Padding,248,0,-0.01744455099105835
Hashtag Padding,249,0,-5.960464477539063e-08
Hashtag Padding,250,0,0.0
Hashtag Padding,251,0,0.0
Hashtag Padding,252,0,0.0
Hashtag Padding,253,0,-2.980232238769531e-07
Hashtag Padding,254,0,0.0
Hashtag Padding,255,0,0.0
Hashtag Padding,256,0,1.1920928955078125e-07
Hashtag Padding,257,0,0.0
Hashtag Padding,258,0,0.0
Hashtag Padding,259,0,-0.0051593780517578125
Hashtag Padding,260,0,0.0
Hashtag Padding,261,0,0.0
Hashtag Padding,262,0,-0.02928715944290161
Hashtag Padding,263,0,0.0
Hashtag Padding,264,0,-1.1920928955078125e-07
Hashtag Padding,265,0,1.1920928955078125e-07
Hashtag Padding,266,0,0.0
Hashtag Padding,267,0,0.0
Hashtag Padding,268,0,0.0
Hashtag Padding,269,0,0.0
Hashtag Padding,270,0,0.0
Hashtag Padding,271,0,-5.960464477539063e-08
Hashtag Padding,272,0,-0.0017264485359191895
Hashtag Padding,273,0,0.0
Hashtag Padding,274,0,1.1920928955078125e-07
Hashtag Padding,275,0,1.1920928955078125e-07
Hashtag Padding,276,0,-1.1920928955078125e-07
Hashtag Padding,277,0,-1.1920928955078125e-07
Hashtag Padding,278,0,0.08241623640060425
Hashtag Padding,279,0,-1.1920928955078125e-07
Hashtag Padding,280,0,-1.8775463104248047e-05
Hashtag Padding,281,0,0.0
Hashtag Padding,282,0,0.23782193660736084
Hashtag Padding,283,0,-0.031354308128356934
Hashtag Padding,284,0,0.0
Hashtag Padding,285,0,0.0
Hashtag Padding,286,0,0.0
Hashtag Padding,287,0,0.0
Hashtag Padding,288,0,0.0
Hashtag Padding,289,0,0.0
Hashtag Padding,290,0,0.0
Hashtag Padding,291,0,0.0
Hashtag Padding,292,0,-5.960464477539063e-08
Hashtag Padding,293,0,-5.960464477539063e-08
Hashtag Padding,294,0,-5.960464477539063e-08
Hashtag Padding,295,0,0.0
Hashtag Padding,296,0,3.5762786865234375e-07
Hashtag Padding,297,0,5.4955482482910156e-05
Hashtag Padding,298,0,0.0
Hashtag Padding,299,0,-5.960464477539063e-08
Hashtag Padding,300,0,0.0
Hashtag Padding,301,0,0.0
Hashtag Padding,302,0,0.0
Hashtag Padding,303,0,0.07965832948684692
Hashtag Padding,304,0,5.960464477539063e-08
Hashtag Padding,305,0,0.0
Hashtag Padding,306,0,0.0
Hashtag Padding,307,0,0.0
Hashtag Padding,308,0,0.0
Hashtag Padding,309,0,0.02852576971054077
Hashtag Padding,310,0,-0.05243939161300659
Hashtag Padding,311,0,0.0
Hashtag Padding,312,0,0.0
Hashtag Padding,313,0,0.0
Hashtag Padding,314,0,-0.0002308487892150879
Hashtag Padding,315,0,1.1920928955078125e-07
Hashtag Padding,316,0,0.0
Hashtag Padding,317,0,0.0
Hashtag Padding,318,0,-5.960464477539063e-08
Hashtag Padding,319,0,0.0
Hashtag Padding,320,0,-4.172325134277344e-07
Hashtag Padding,321,0,-1.1920928955078125e-07
Hashtag Padding,322,0,0.0
Hashtag Padding,323,1,0.33361124992370605
Hashtag Padding,324,0,0.0
Hashtag Padding,325,0,-0.0013730525970458984
Hashtag Padding,326,0,0.0
Hashtag Padding,327,0,0.0
Hashtag Padding,328,0,-2.384185791015625e-07
Hashtag Padding,329,0,-0.018191635608673096
Hashtag Padding,330,0,0.0
Hashtag Padding,331,0,-0.0035015344619750977
Hashtag Padding,332,0,-3.5762786865234375e-07
Hashtag Padding,333,0,0.0
Hashtag Padding,334,0,-1.1920928955078125e-07
Hashtag Padding,335,0,1.1920928955078125e-07
Hashtag Padding,336,0,-1.1920928955078125e-07
Hashtag Padding,337,0,0.0
Hashtag Padding,338,0,0.0
Hashtag Padding,339,0,1.1920928955078125e-07
Hashtag Padding,340,0,0.0
Hashtag Padding,341,0,0.0
Hashtag Padding,342,0,0.0
Hashtag Padding,343,0,0.0
Hashtag Padding,344,0,0.0
Hashtag Padding,345,0,-0.006330311298370361
Hashtag Padding,346,0,-0.032858848571777344
Hashtag Padding,347,0,0.0
Hashtag Padding,348,0,0.0
Hashtag Padding,349,0,0.0
Hashtag Padding,350,0,-0.000474393367767334
Hashtag Padding,351,0,0.0
Hashtag Padding,352,0,0.0
Hashtag Padding,353,0,-0.0109139084815979
Hashtag Padding,354,0,0.0
Hashtag Padding,355,0,0.0
Hashtag Padding,356,0,-0.007104754447937012
Hashtag Padding,357,0,5.364418029785156e-07
Hashtag Padding,358,0,0.0
Hashtag Padding,359,1,-0.15623480081558228
Hashtag Padding,360,0,-0.004373311996459961
Hashtag Padding,361,0,0.0
Hashtag Padding,362,0,0.0005174875259399414
Hashtag Padding,363,0,1.1920928955078125e-07
Hashtag Padding,364,1,0.3555886149406433
Hashtag Padding,365,0,1.7881393432617188e-07
Hashtag Padding,366,0,-5.960464477539063e-08
Hashtag Padding,367,0,0.0
Hashtag Padding,368,0,0.0726935863494873
Hashtag Padding,369,0,-5.960464477539063e-08
Hashtag Padding,370,0,0.0
Hashtag Padding,371,0,-4.172325134277344e-07
Hashtag Padding,372,0,2.384185791015625e-07
Hashtag Padding,373,0,1.1920928955078125e-07
Hashtag Padding,374,0,0.0
Hashtag Padding,375,0,0.009442687034606934
Hashtag Padding,376,0,-5.960464477539063e-08
Hashtag Padding,377,0,0.0
Hashtag Padding,378,0,-0.043891191482543945
Hashtag Padding,379,0,0.0
Hashtag Padding,380,0,0.0
Hashtag Padding,381,0,0.0
Hashtag Padding,382,0,5.960464477539063e-08
Hashtag Padding,383,0,0.0
Hashtag Padding,384,0,0.0
Hashtag Padding,385,0,0.0
Hashtag Padding,386,0,-0.02727454900741577
Hashtag Padding,387,0,0.0
Hashtag Padding,388,0,1.1920928955078125e-07
Hashtag Padding,389,0,0.0
Hashtag Padding,390,0,0.0
Hashtag Padding,391,0,0.0
Hashtag Padding,392,0,0.0
Hashtag Padding,393,0,-0.16582190990447998
Hashtag Padding,394,0,-7.152557373046875e-07
Hashtag Padding,395,0,0.0
Hashtag Padding,396,0,1.1920928955078125e-07
Hashtag Padding,397,0,-2.980232238769531e-07
Hashtag Padding,398,0,0.0
Hashtag Padding,399,0,0.0
Hashtag Padding,400,0,5.960464477539063e-08
Hashtag Padding,401,0,-1.1920928955078125e-07
Hashtag Padding,402,0,0.0
Hashtag Padding,403,0,-1.1920928955078125e-07
Hashtag Padding,404,0,0.0
Hashtag Padding,405,0,1.1920928955078125e-07
Hashtag Padding,406,0,0.0
Hashtag Padding,407,0,-0.09536802768707275
Hashtag Padding,408,0,-2.384185791015625e-07
Hashtag Padding,409,0,-0.00365447998046875
Hashtag Padding,410,0,0.0
Hashtag Padding,411,0,-0.00020700693130493164
Hashtag Padding,412,0,0.0
Hashtag Padding,413,0,0.0
Hashtag Padding,414,0,0.0
Hashtag Padding,415,0,1.1920928955078125e-07
Hashtag Padding,416,0,-0.015744805335998535
Hashtag Padding,417,0,0.0
Hashtag Padding,418,0,0.0
Hashtag Padding,419,0,-5.364418029785156e-07
Hashtag Padding,420,0,0.0
Hashtag Padding,421,0,0.0
Hashtag Padding,422,0,0.0
Hashtag Padding,423,0,0.0
Hashtag Padding,424,0,-1.1920928955078125e-07
Hashtag Padding,425,0,0.0
Hashtag Padding,426,0,-0.007297635078430176
Hashtag Padding,427,0,0.0
Hashtag Padding,428,0,1.1920928955078125e-07
Hashtag Padding,429,0,5.960464477539063e-08
Hashtag Padding,430,0,0.0
Hashtag Padding,431,0,-1.1920928955078125e-07
Hashtag Padding,432,0,0.005712032318115234
Hashtag Padding,433,0,0.0
Hashtag Padding,434,0,0.009418666362762451
Hashtag Padding,435,0,0.0
Hashtag Padding,436,0,0.0
Hashtag Padding,437,0,0.0
Hashtag Padding,438,0,0.000679314136505127
Hashtag Padding,439,0,-2.980232238769531e-07
Hashtag Padding,440,0,-1.7881393432617188e-07
Hashtag Padding,441,0,-0.3784933090209961
Hashtag Padding,442,0,0.0
Hashtag Padding,443,0,0.0018991827964782715
Hashtag Padding,444,1,0.22834903001785278
Hashtag Padding,445,0,1.1920928955078125e-07
Hashtag Padding,446,0,-5.960464477539063e-08
Hashtag Padding,447,0,0.0
Hashtag Padding,448,0,-0.038391828536987305
Hashtag Padding,449,0,-0.10387194156646729
Hashtag Padding,450,0,0.0
Hashtag Padding,451,0,-5.960464477539063e-08
Hashtag Padding,452,0,1.7881393432617188e-07
Hashtag Padding,453,0,-0.12640529870986938
Hashtag Padding,454,0,1.1920928955078125e-07
Hashtag Padding,455,0,0.0
Hashtag Padding,456,0,6.556510925292969e-07
Hashtag Padding,457,0,0.0
Hashtag Padding,458,0,1.1920928955078125e-07
Hashtag Padding,459,0,1.1920928955078125e-07
Hashtag Padding,460,0,0.0
Hashtag Padding,461,0,0.0
Hashtag Padding,462,0,-1.1920928955078125e-07
Hashtag Padding,463,0,0.0
Hashtag Padding,464,0,0.0009055137634277344
Hashtag Padding,465,0,0.0
Hashtag Padding,466,0,0.0
Hashtag Padding,467,0,1.1920928955078125e-07
Hashtag Padding,468,0,0.0
Hashtag Padding,469,0,0.0
Hashtag Padding,470,0,-1.1920928955078125e-07
Hashtag Padding,471,0,0.0
Hashtag Padding,472,0,1.7881393432617188e-07
Hashtag Padding,473,0,1.1920928955078125e-07
Hashtag Padding,474,0,-1.7881393432617188e-07
Hashtag Padding,475,0,-1.1920928955078125e-07
Hashtag Padding,476,0,1.7881393432617188e-07
Hashtag Padding,477,0,0.0
Hashtag Padding,478,0,0.07601529359817505
Hashtag Padding,479,0,2.384185791015625e-07
Hashtag Padding,480,0,1.7881393432617188e-07
Hashtag Padding,481,0,0.0
Hashtag Padding,482,0,0.0
Hashtag Padding,483,0,0.0
Hashtag Padding,484,0,-2.384185791015625e-07
Hashtag Padding,485,0,-5.960464477539063e-08
Hashtag Padding,486,0,1.1920928955078125e-07
Hashtag Padding,487,0,0.0
Hashtag Padding,488,0,-5.960464477539063e-08
Hashtag Padding,489,0,1.7881393432617188e-07
Hashtag Padding,490,0,-6.973743438720703e-05
Hashtag Padding,491,0,0.0
Hashtag Padding,492,0,0.0
Hashtag Padding,493,0,-1.7881393432617188e-07
Hashtag Padding,494,0,-0.030019283294677734
Hashtag Padding,495,0,-1.7881393432617188e-07
Hashtag Padding,496,0,0.0
Hashtag Padding,497,0,0.0
Hashtag Padding,498,0,1.7881393432617188e-07
Hashtag Padding,499,0,2.384185791015625e-07
Hashtag Padding,500,0,0.0
Hashtag Padding,501,0,0.0
Hashtag Padding,502,0,0.0
Hashtag Padding,503,0,2.980232238769531e-07
Hashtag Padding,504,0,-0.0010519027709960938
Hashtag Padding,505,0,5.960464477539063e-08
Hashtag Padding,506,0,1.7881393432617188e-07
Hashtag Padding,507,0,-2.980232238769531e-07
Hashtag Padding,508,0,-0.0003536343574523926
Hashtag Padding,509,0,0.0
Hashtag Padding,510,0,-1.1920928955078125e-07
Hashtag Padding,511,0,-0.027508258819580078
Hashtag Padding,512,0,0.0
Hashtag Padding,513,0,0.0
Hashtag Padding,514,0,0.0
Hashtag Padding,515,0,0.0
Hashtag Padding,516,0,2.980232238769531e-07
Hashtag Padding,517,0,1.1920928955078125e-07
Hashtag Padding,518,0,0.0
Hashtag Padding,519,0,0.0
Hashtag Padding,520,0,0.05910295248031616
Hashtag Padding,521,0,-0.014495909214019775
Hashtag Padding,522,0,0.0
Hashtag Padding,523,0,-0.024005651473999023
Hashtag Padding,524,0,2.384185791015625e-07
Hashtag Padding,525,0,-0.0002942085266113281
Hashtag Padding,526,0,0.0
Hashtag Padding,527,0,0.0
Hashtag Padding,528,0,0.0
Hashtag Padding,529,0,-3.5762786865234375e-07
Hashtag Padding,530,0,0.0
Hashtag Padding,531,0,-1.1920928955078125e-07
Hashtag Padding,532,0,5.960464477539063e-08
Hashtag Padding,533,0,0.0
Hashtag Padding,534,0,-0.013038098812103271
Hashtag Padding,535,0,-0.005480825901031494
Hashtag Padding,536,0,-0.019130945205688477
Hashtag Padding,537,0,-0.010113179683685303
Hashtag Padding,538,0,0.0
Hashtag Padding,539,0,-5.960464477539063e-08
Hashtag Padding,540,0,0.0
Hashtag Padding,541,0,1.7881393432617188e-07
Hashtag Padding,542,0,0.0
Hashtag Padding,543,0,-1.1920928955078125e-07
Hashtag Padding,544,0,5.960464477539063e-08
Hashtag Padding,545,0,-0.05202066898345947
Hashtag Padding,546,0,0.00044906139373779297
Hashtag Padding,547,0,0.0008718371391296387
Hashtag Padding,548,0,0.0
Hashtag Padding,549,0,0.0
Hashtag Padding,550,0,0.0
Hashtag Padding,551,0,-0.010530829429626465
Hashtag Padding,552,0,-0.005157768726348877
Hashtag Padding,553,0,-0.09550577402114868
Hashtag Padding,554,0,0.0015532374382019043
Hashtag Padding,555,0,-1.1920928955078125e-07
Hashtag Padding,556,0,0.0
Hashtag Padding,557,0,0.0
Hashtag Padding,558,0,0.0
Hashtag Padding,559,0,0.0
Hashtag Padding,560,0,0.0
Hashtag Padding,561,0,0.0
Hashtag Padding,562,0,0.0
Hashtag Padding,563,0,-5.960464477539063e-08
Hashtag Padding,564,0,-0.06762677431106567
Hashtag Padding,565,0,0.0
Hashtag Padding,566,0,2.384185791015625e-07
Hashtag Padding,567,0,-0.13630276918411255
Hashtag Padding,568,0,0.0
Hashtag Padding,569,0,0.0
Hashtag Padding,570,0,0.0
Hashtag Padding,571,0,0.0
Hashtag Padding,572,0,5.960464477539062e-07
Hashtag Padding,573,0,0.0
Hashtag Padding,574,0,0.0
Hashtag Padding,575,0,-0.002461552619934082
Hashtag Padding,576,0,0.0
Hashtag Padding,577,0,-0.049461305141448975
Hashtag Padding,578,0,-2.384185791015625e-07
Hashtag Padding,579,0,0.002891719341278076
Hashtag Padding,580,0,0.0
Hashtag Padding,581,0,-1.1920928955078125e-07
Hashtag Padding,582,0,0.015580892562866211
Hashtag Padding,583,0,-0.019154369831085205
Hashtag Padding,584,0,-0.007704794406890869
Hashtag Padding,585,0,2.384185791015625e-07
Hashtag Padding,586,0,-1.1920928955078125e-07
Hashtag Padding,587,0,0.0
Hashtag Padding,588,0,0.0
Hashtag Padding,589,0,0.0
Hashtag Padding,590,0,0.0
Hashtag Padding,591,0,0.0
Hashtag Padding,592,0,0.0
Hashtag Padding,593,0,-1.1920928955078125e-07
Hashtag Padding,594,0,-0.029365897178649902
Hashtag Padding,595,0,-1.1920928955078125e-07
Hashtag Padding,596,0,-0.06262242794036865
Hashtag Padding,597,0,6.556510925292969e-07
Hashtag Padding,598,0,0.0
Hashtag Padding,599,0,0.0
URL Injection,0,0,0.0
URL Injection,1,0,0.0
URL Injection,2,0,0.0
URL Injection,3,0,1.7881393432617188e-07
URL Injection,4,0,0.0
URL Injection,5,0,-5.960464477539063e-08
URL Injection,6,0,-5.960464477539063e-08
URL Injection,7,0,0.0
URL Injection,8,0,-2.980232238769531e-07
URL Injection,9,0,0.0
URL Injection,10,0,1.1920928955078125e-07
URL Injection,11,0,0.0
URL Injection,12,0,-4.172325134277344e-07
URL Injection,13,0,1.7881393432617188e-07
URL Injection,14,0,-1.7881393432617188e-07
URL Injection,15,0,0.0
URL Injection,16,0,0.0
URL Injection,17,0,-5.960464477539063e-08
URL Injection,18,0,-5.960464477539063e-08
URL Injection,19,0,0.0
URL Injection,20,0,0.0
URL Injection,21,0,0.0
URL Injection,22,0,-3.5762786865234375e-07
URL Injection,23,0,0.0
URL Injection,24,0,0.0
URL Injection,25,0,0.0
URL Injection,26,0,0.0
URL Injection,27,0,-1.7881393432617188e-07
URL Injection,28,0,0.0
URL Injection,29,0,5.960464477539063e-08
URL Injection,30,0,0.0
URL Injection,31,0,0.0
URL Injection,32,0,0.0
URL Injection,33,0,0.0
URL Injection,34,0,2.384185791015625e-07
URL Injection,35,0,0.0
URL Injection,36,0,0.0
URL Injection,37,0,-1.1920928955078125e-07
URL Injection,38,0,-2.384185791015625e-07
URL Injection,39,0,0.0
URL Injection,40,0,-5.960464477539063e-08
URL Injection,41,0,5.960464477539063e-08
URL Injection,42,0,2.384185791015625e-07
URL Injection,43,0,0.0
URL Injection,44,0,0.0
URL Injection,45,0,-2.980232238769531e-07
URL Injection,46,0,0.0
URL Injection,47,0,0.0
URL Injection,48,0,-9.5367431640625e-07
URL Injection,49,0,0.0
URL Injection,50,0,0.0
URL Injection,51,0,0.0
URL Injection,52,0,0.0
URL Injection,53,0,0.0
URL Injection,54,0,0.0
URL Injection,55,0,0.0
URL Injection,56,0,-5.960464477539063e-08
URL Injection,57,0,-5.960464477539063e-08
URL Injection,58,0,1.1920928955078125e-07
URL Injection,59,0,0.0
URL Injection,60,0,0.0
URL Injection,61,0,1.1920928955078125e-07
URL Injection,62,0,0.0
URL Injection,63,0,0.0
URL Injection,64,0,0.0
URL Injection,65,0,-5.960464477539063e-08
URL Injection,66,0,1.7881393432617188e-07
URL Injection,67,0,0.0
URL Injection,68,0,1.1920928955078125e-07
URL Injection,69,0,1.1920928955078125e-07
URL Injection,70,0,0.0
URL Injection,71,0,0.0
URL Injection,72,0,0.0
URL Injection,73,0,1.1920928955078125e-07
URL Injection,74,0,0.0
URL Injection,75,0,0.0
URL Injection,76,0,0.0
URL Injection,77,0,0.0
URL Injection,78,0,0.0
URL Injection,79,0,5.960464477539063e-08
URL Injection,80,0,-1.1920928955078125e-07
URL Injection,81,0,0.0
URL Injection,82,0,0.0
URL Injection,83,0,0.0
URL Injection,84,0,-5.960464477539063e-08
URL Injection,85,0,0.0
URL Injection,86,0,0.0
URL Injection,87,0,0.0
URL Injection,88,0,-4.172325134277344e-07
URL Injection,89,0,0.0
URL Injection,90,0,0.0
URL Injection,91,0,0.0
URL Injection,92,0,0.0
URL Injection,93,0,1.1920928955078125e-07
URL Injection,94,0,0.0
URL Injection,95,0,3.5762786865234375e-07
URL Injection,96,0,0.0
URL Injection,97,0,0.0
URL Injection,98,0,1.7881393432617188e-07
URL Injection,99,0,2.980232238769531e-07
URL Injection,100,0,0.0
URL Injection,101,0,0.0
URL Injection,102,0,0.0
URL Injection,103,0,0.0
URL Injection,104,0,5.960464477539063e-08
URL Injection,105,0,0.0
URL Injection,106,0,0.0
URL Injection,107,0,0.0
URL Injection,108,0,7.748603820800781e-07
URL Injection,109,0,-2.980232238769531e-07
URL Injection,110,0,0.0
URL Injection,111,0,0.0
URL Injection,112,0,-1.1920928955078125e-07
URL Injection,113,0,-1.1920928955078125e-07
URL Injection,114,0,-5.960464477539063e-08
URL Injection,115,0,0.0
URL Injection,116,0,0.0
URL Injection,117,0,0.0
URL Injection,118,0,0.0
URL Injection,119,0,0.0
URL Injection,120,0,5.960464477539063e-08
URL Injection,121,0,-1.1920928955078125e-07
URL Injection,122,0,0.0
URL Injection,123,0,0.0
URL Injection,124,0,5.960464477539062e-07
URL Injection,125,0,5.960464477539063e-08
URL Injection,126,0,-1.1920928955078125e-07
URL Injection,127,0,3.5762786865234375e-07
URL Injection,128,0,0.0
URL Injection,129,0,1.7881393432617188e-07
URL Injection,130,0,0.0
URL Injection,131,0,1.1920928955078125e-07
URL Injection,132,0,0.0
URL Injection,133,0,1.1920928955078125e-07
URL Injection,134,0,0.0
URL Injection,135,0,0.0
URL Injection,136,0,0.0
URL Injection,137,0,0.0
URL Injection,138,0,0.0
URL Injection,139,0,0.0
URL Injection,140,0,0.0
URL Injection,141,0,-6.556510925292969e-07
URL Injection,142,0,0.0
URL Injection,143,0,0.0
URL Injection,144,0,-1.7881393432617188e-07
URL Injection,145,0,0.0
URL Injection,146,0,0.0
URL Injection,147,0,0.0
URL Injection,148,0,0.0
URL Injection,149,0,0.0
URL Injection,150,0,-5.960464477539063e-08
URL Injection,151,0,0.0
URL Injection,152,0,-1.1920928955078125e-07
URL Injection,153,0,0.0
URL Injection,154,0,0.0
URL Injection,155,0,0.0
URL Injection,156,0,-1.1920928955078125e-07
URL Injection,157,0,8.940696716308594e-07
URL Injection,158,0,0.0
URL Injection,159,0,0.0
URL Injection,160,0,0.0
URL Injection,161,0,0.0
URL Injection,162,0,-5.960464477539062e-07
URL Injection,163,0,1.0132789611816406e-06
URL Injection,164,0,0.0
URL Injection,165,0,0.0
URL Injection,166,0,0.0
URL Injection,167,0,0.0
URL Injection,168,0,0.0
URL Injection,169,0,0.0
URL Injection,170,0,0.0
URL Injection,171,0,0.0
URL Injection,172,0,0.0
URL Injection,173,0,1.1920928955078125e-07
URL Injection,174,0,-1.1920928955078125e-07
URL Injection,175,0,-1.1920928955078125e-07
URL Injection,176,0,0.0
URL Injection,177,0,1.1920928955078125e-07
URL Injection,178,0,1.1920928955078125e-06
URL Injection,179,0,0.0
URL Injection,180,0,0.0
URL Injection,181,0,1.7881393432617188e-07
URL Injection,182,0,0.0
URL Injection,183,0,0.0
URL Injection,184,0,0.0
URL Injection,185,0,-1.1920928955078125e-07
URL Injection,186,0,0.0
URL Injection,187,0,7.748603820800781e-07
URL Injection,188,0,-3.5762786865234375e-07
URL Injection,189,0,1.1920928955078125e-07
URL Injection,190,0,5.364418029785156e-07
URL Injection,191,0,4.76837158203125e-07
URL Injection,192,0,-1.7881393432617188e-07
URL Injection,193,0,0.0
URL Injection,194,0,-2.6226043701171875e-06
URL Injection,195,0,5.960464477539063e-08
URL Injection,196,0,0.0
URL Injection,197,0,0.0
URL Injection,198,0,-2.384185791015625e-07
URL Injection,199,0,0.0
URL Injection,200,0,0.0
URL Injection,201,0,-5.960464477539063e-08
URL Injection,202,0,0.0
URL Injection,203,0,-5.960464477539063e-08
URL Injection,204,0,0.0
URL Injection,205,0,0.0
URL Injection,206,0,0.0
URL Injection,207,0,0.0
URL Injection,208,0,-2.384185791015625e-07
URL Injection,209,0,1.1920928955078125e-07
URL Injection,210,0,0.0
URL Injection,211,0,1.7881393432617188e-07
URL Injection,212,0,0.0
URL Injection,213,0,0.0
URL Injection,214,0,2.980232238769531e-07
URL Injection,215,0,1.7881393432617188e-07
URL Injection,216,0,0.0
URL Injection,217,0,0.0
URL Injection,218,0,-1.1920928955078125e-07
URL Injection,219,0,0.0
URL Injection,220,0,0.0
URL Injection,221,0,-1.1920928955078125e-07
URL Injection,222,0,0.0
URL Injection,223,0,1.1920928955078125e-07
URL Injection,224,0,5.960464477539063e-08
URL Injection,225,0,-2.384185791015625e-07
URL Injection,226,0,-5.960464477539063e-08
URL Injection,227,0,0.0
URL Injection,228,0,0.0
URL Injection,229,0,1.1920928955078125e-07
URL Injection,230,0,0.0
URL Injection,231,0,0.0
URL Injection,232,0,0.0
URL Injection,233,0,-1.1920928955078125e-07
URL Injection,234,0,5.960464477539063e-08
URL Injection,235,0,0.0
URL Injection,236,0,0.0
URL Injection,237,0,5.960464477539062e-07
URL Injection,238,0,0.0
URL Injection,239,0,0.0
URL Injection,240,0,0.0
URL Injection,241,0,0.0
URL Injection,242,0,0.0
URL Injection,243,0,1.1920928955078125e-07
URL Injection,244,0,0.0
URL Injection,245,0,0.0
URL Injection,246,0,1.7881393432617188e-07
URL Injection,247,0,4.172325134277344e-07
URL Injection,248,0,0.0
URL Injection,249,0,-5.960464477539063e-08
URL Injection,250,0,0.0
URL Injection,251,0,0.0
URL Injection,252,0,0.0
URL Injection,253,0,-2.980232238769531e-07
URL Injection,254,0,0.0
URL Injection,255,0,0.0
URL Injection,256,0,1.1920928955078125e-07
URL Injection,257,0,0.0
URL Injection,258,0,0.0
URL Injection,259,0,0.0
URL Injection,260,0,0.0
URL Injection,261,0,0.0
URL Injection,262,0,-3.5762786865234375e-07
URL Injection,263,0,0.0
URL Injection,264,0,-1.1920928955078125e-07
URL Injection,265,0,1.1920928955078125e-07
URL Injection,266,0,0.0
URL Injection,267,0,0.0
URL Injection,268,0,0.0
URL Injection,269,0,0.0
URL Injection,270,0,0.0
URL Injection,271,0,-5.960464477539063e-08
URL Injection,272,0,0.0
URL Injection,273,0,0.0
URL Injection,274,0,1.1920928955078125e-07
URL Injection,275,0,1.1920928955078125e-07
URL Injection,276,0,-1.1920928955078125e-07
URL Injection,277,0,-1.1920928955078125e-07
URL Injection,278,0,8.344650268554688e-07
URL Injection,279,0,-1.1920928955078125e-07
URL Injection,280,0,0.0
URL Injection,281,0,0.0
URL Injection,282,0,-3.5762786865234375e-07
URL Injection,283,0,0.0
URL Injection,284,0,0.0
URL Injection,285,0,0.0
URL Injection,286,0,0.0
URL Injection,287,0,0.0
URL Injection,288,0,0.0
URL Injection,289,0,0.0
URL Injection,290,0,0.0
URL Injection,291,0,0.0
URL Injection,292,0,-5.960464477539063e-08
URL Injection,293,0,-5.960464477539063e-08
URL Injection,294,0,-5.960464477539063e-08
URL Injection,295,0,0.0
URL Injection,296,0,3.5762786865234375e-07
URL Injection,297,0,0.0
URL Injection,298,0,0.0
URL Injection,299,0,-5.960464477539063e-08
URL Injection,300,0,0.0
URL Injection,301,0,0.0
URL Injection,302,0,0.0
URL Injection,303,0,-3.5762786865234375e-07
URL Injection,304,0,5.960464477539063e-08
URL Injection,305,0,0.0
URL Injection,306,0,0.0
URL Injection,307,0,0.0
URL Injection,308,0,0.0
URL Injection,309,0,0.0
URL Injection,310,0,-1.7881393432617188e-07
URL Injection,311,0,0.0
URL Injection,312,0,0.0
URL Injection,313,0,0.0
URL Injection,314,0,0.0
URL Injection,315,0,1.1920928955078125e-07
URL Injection,316,0,0.0
URL Injection,317,0,0.0
URL Injection,318,0,-5.960464477539063e-08
URL Injection,319,0,0.0
URL Injection,320,0,-4.172325134277344e-07
URL Injection,321,0,-1.1920928955078125e-07
URL Injection,322,0,0.0
URL Injection,323,0,-5.960464477539062e-07
URL Injection,324,0,0.0
URL Injection,325,0,0.0
URL Injection,326,0,0.0
URL Injection,327,0,0.0
URL Injection,328,0,-2.384185791015625e-07
URL Injection,329,0,0.0
URL Injection,330,0,0.0
URL Injection,331,0,0.0
URL Injection,332,0,-3.5762786865234375e-07
URL Injection,333,0,0.0
URL Injection,334,0,-1.1920928955078125e-07
URL Injection,335,0,1.1920928955078125e-07
URL Injection,336,0,-1.1920928955078125e-07
URL Injection,337,0,0.0
URL Injection,338,0,0.0
URL Injection,339,0,1.1920928955078125e-07
URL Injection,340,0,0.0
URL Injection,341,0,0.0
URL Injection,342,0,0.0
URL Injection,343,0,0.0
URL Injection,344,0,0.0
URL Injection,345,0,0.0
URL Injection,346,0,0.0
URL Injection,347,0,0.0
URL Injection,348,0,0.0
URL Injection,349,0,0.0
URL Injection,350,0,0.0
URL Injection,351,0,0.0
URL Injection,352,0,0.0
URL Injection,353,0,-5.960464477539063e-08
URL Injection,354,0,0.0
URL Injection,355,0,0.0
URL Injection,356,0,1.1920928955078125e-07
URL Injection,357,0,5.364418029785156e-07
URL Injection,358,0,0.0
URL Injection,359,0,3.5762786865234375e-07
URL Injection,360,0,0.0
URL Injection,361,0,0.0
URL Injection,362,0,0.0
URL Injection,363,0,1.1920928955078125e-07
URL Injection,364,0,1.7881393432617188e-07
URL Injection,365,0,1.7881393432617188e-07
URL Injection,366,0,-5.960464477539063e-08
URL Injection,367,0,0.0
URL Injection,368,0,0.0
URL Injection,369,0,-5.960464477539063e-08
URL Injection,370,0,0.0
URL Injection,371,0,-4.172325134277344e-07
URL Injection,372,0,2.384185791015625e-07
URL Injection,373,0,1.1920928955078125e-07
URL Injection,374,0,0.0
URL Injection,375,0,2.384185791015625e-07
URL Injection,376,0,-5.960464477539063e-08
URL Injection,377,0,0.0
URL Injection,378,0,0.0
URL Injection,379,0,0.0
URL Injection,380,0,0.0
URL Injection,381,0,0.0
URL Injection,382,0,5.960464477539063e-08
URL Injection,383,0,0.0
URL Injection,384,0,0.0
URL Injection,385,0,0.0
URL Injection,386,0,1.1920928955078125e-07
URL Injection,387,0,0.0
URL Injection,388,0,1.1920928955078125e-07
URL Injection,389,0,0.0
URL Injection,390,0,0.0
URL Injection,391,0,0.0
URL Injection,392,0,0.0
URL Injection,393,0,-2.980232238769531e-07
URL Injection,394,0,-7.152557373046875e-07
URL Injection,395,0,0.0
URL Injection,396,0,1.1920928955078125e-07
URL Injection,397,0,-2.980232238769531e-07
URL Injection,398,0,0.0
URL Injection,399,0,0.0
URL Injection,400,0,5.960464477539063e-08
URL Injection,401,0,-1.1920928955078125e-07
URL Injection,402,0,0.0
URL Injection,403,0,-1.1920928955078125e-07
URL Injection,404,0,0.0
URL Injection,405,0,1.1920928955078125e-07
URL Injection,406,0,0.0
URL Injection,407,0,1.1920928955078125e-07
URL Injection,408,0,-2.384185791015625e-07
URL Injection,409,0,0.0
URL Injection,410,0,0.0
URL Injection,411,0,0.0
URL Injection,412,0,0.0
URL Injection,413,0,0.0
URL Injection,414,0,0.0
URL Injection,415,0,1.1920928955078125e-07
URL Injection,416,0,0.0
URL Injection,417,0,0.0
URL Injection,418,0,0.0
URL Injection,419,0,-5.364418029785156e-07
URL Injection,420,0,0.0
URL Injection,421,0,0.0
URL Injection,422,0,0.0
URL Injection,423,0,0.0
URL Injection,424,0,-1.1920928955078125e-07
URL Injection,425,0,0.0
URL Injection,426,0,0.0
URL Injection,427,0,0.0
URL Injection,428,0,1.1920928955078125e-07
URL Injection,429,0,5.960464477539063e-08
URL Injection,430,0,0.0
URL Injection,431,0,-1.1920928955078125e-07
URL Injection,432,0,0.0
URL Injection,433,0,0.0
URL Injection,434,0,-1.7881393432617188e-07
URL Injection,435,0,0.0
URL Injection,436,0,0.0
URL Injection,437,0,0.0
URL Injection,438,0,0.0
URL Injection,439,0,-2.980232238769531e-07
URL Injection,440,0,-1.7881393432617188e-07
URL Injection,441,0,-2.980232238769531e-07
URL Injection,442,0,0.0
URL Injection,443,0,0.0
URL Injection,444,0,1.2516975402832031e-06
URL Injection,445,0,1.1920928955078125e-07
URL Injection,446,0,-5.960464477539063e-08
URL Injection,447,0,0.0
URL Injection,448,0,0.0
URL Injection,449,0,5.960464477539062e-07
URL Injection,450,0,0.0
URL Injection,451,0,-5.960464477539063e-08
URL Injection,452,0,1.7881393432617188e-07
URL Injection,453,0,-5.960464477539063e-08
URL Injection,454,0,1.1920928955078125e-07
URL Injection,455,0,0.0
URL Injection,456,0,6.556510925292969e-07
URL Injection,457,0,0.0
URL Injection,458,0,1.1920928955078125e-07
URL Injection,459,0,1.1920928955078125e-07
URL Injection,460,0,0.0
URL Injection,461,0,0.0
URL Injection,462,0,-1.1920928955078125e-07
URL Injection,463,0,0.0
URL Injection,464,0,0.0
URL Injection,465,0,0.0
URL Injection,466,0,0.0
URL Injection,467,0,1.1920928955078125e-07
URL Injection,468,0,0.0
URL Injection,469,0,0.0
URL Injection,470,0,-1.1920928955078125e-07
URL Injection,471,0,0.0
URL Injection,472,0,1.7881393432617188e-07
URL Injection,473,0,1.1920928955078125e-07
URL Injection,474,0,-1.7881393432617188e-07
URL Injection,475,0,-1.1920928955078125e-07
URL Injection,476,0,1.7881393432617188e-07
URL Injection,477,0,0.0
URL Injection,478,0,5.960464477539063e-08
URL Injection,479,0,2.384185791015625e-07
URL Injection,480,0,1.7881393432617188e-07
URL Injection,481,0,0.0
URL Injection,482,0,0.0
URL Injection,483,0,0.0
URL Injection,484,0,-2.384185791015625e-07
URL Injection,485,0,-5.960464477539063e-08
URL Injection,486,0,1.1920928955078125e-07
URL Injection,487,0,0.0
URL Injection,488,0,-5.960464477539063e-08
URL Injection,489,0,1.7881393432617188e-07
URL Injection,490,0,0.0
URL Injection,491,0,0.0
URL Injection,492,0,0.0
URL Injection,493,0,-1.7881393432617188e-07
URL Injection,494,0,0.0
URL Injection,495,0,-1.7881393432617188e-07
URL Injection,496,0,0.0
URL Injection,497,0,0.0
URL Injection,498,0,1.7881393432617188e-07
URL Injection,499,0,2.384185791015625e-07
URL Injection,500,0,0.0
URL Injection,501,0,0.0
URL Injection,502,0,0.0
URL Injection,503,0,2.980232238769531e-07
URL Injection,504,0,0.0
URL Injection,505,0,5.960464477539063e-08
URL Injection,506,0,1.7881393432617188e-07
URL Injection,507,0,-2.980232238769531e-07
URL Injection,508,0,0.0
URL Injection,509,0,0.0
URL Injection,510,0,-1.1920928955078125e-07
URL Injection,511,0,-1.1920928955078125e-07
URL Injection,512,0,0.0
URL Injection,513,0,0.0
URL Injection,514,0,0.0
URL Injection,515,0,0.0
URL Injection,516,0,2.980232238769531e-07
URL Injection,517,0,1.1920928955078125e-07
URL Injection,518,0,0.0
URL Injection,519,0,0.0
URL Injection,520,0,0.0
URL Injection,521,0,5.960464477539063e-08
URL Injection,522,0,0.0
URL Injection,523,0,1.1920928955078125e-07
URL Injection,524,0,2.384185791015625e-07
URL Injection,525,0,0.0
URL Injection,526,0,0.0
URL Injection,527,0,0.0
URL Injection,528,0,0.0
URL Injection,529,0,-3.5762786865234375e-07
URL Injection,530,0,0.0
URL Injection,531,0,-1.1920928955078125e-07
URL Injection,532,0,5.960464477539063e-08
URL Injection,533,0,0.0
URL Injection,534,0,-1.1920928955078125e-07
URL Injection,535,0,-1.1920928955078125e-07
URL Injection,536,0,-2.384185791015625e-07
URL Injection,537,0,0.0
URL Injection,538,0,0.0
URL Injection,539,0,-5.960464477539063e-08
URL Injection,540,0,0.0
URL Injection,541,0,1.7881393432617188e-07
URL Injection,542,0,0.0
URL Injection,543,0,-1.1920928955078125e-07
URL Injection,544,0,5.960464477539063e-08
URL Injection,545,0,-5.960464477539063e-08
URL Injection,546,0,0.0
URL Injection,547,0,0.0
URL Injection,548,0,0.0
URL Injection,549,0,0.0
URL Injection,550,0,0.0
URL Injection,551,0,0.0
URL Injection,552,0,0.0
URL Injection,553,0,-1.1920928955078125e-07
URL Injection,554,0,0.0
URL Injection,555,0,-1.1920928955078125e-07
URL Injection,556,0,0.0
URL Injection,557,0,0.0
URL Injection,558,0,0.0
URL Injection,559,0,0.0
URL Injection,560,0,0.0
URL Injection,561,0,0.0
URL Injection,562,0,0.0
URL Injection,563,0,-5.960464477539063e-08
URL Injection,564,0,0.0
URL Injection,565,0,0.0
URL Injection,566,0,2.384185791015625e-07
URL Injection,567,0,0.0
URL Injection,568,0,0.0
URL Injection,569,0,0.0
URL Injection,570,0,0.0
URL Injection,571,0,0.0
URL Injection,572,0,5.960464477539062e-07
URL Injection,573,0,0.0
URL Injection,574,0,0.0
URL Injection,575,0,0.0
URL Injection,576,0,0.0
URL Injection,577,0,1.1920928955078125e-07
URL Injection,578,0,-2.384185791015625e-07
URL Injection,579,0,0.0
URL Injection,580,0,0.0
URL Injection,581,0,-1.1920928955078125e-07
URL Injection,582,0,0.0
URL Injection,583,0,0.0
URL Injection,584,0,0.0
URL Injection,585,0,2.384185791015625e-07
URL Injection,586,0,-1.1920928955078125e-07
URL Injection,587,0,0.0
URL Injection,588,0,0.0
URL Injection,589,0,0.0
URL Injection,590,0,0.0
URL Injection,591,0,0.0
URL Injection,592,0,0.0
URL Injection,593,0,-1.1920928955078125e-07
URL Injection,594,0,5.960464477539063e-08
URL Injection,595,0,-1.1920928955078125e-07
URL Injection,596,0,-2.980232238769531e-07
URL Injection,597,0,6.556510925292969e-07
URL Injection,598,0,0.0
URL Injection,599,0,0.0
Compound Attack,0,1,-0.485944926738739
Compound Attack,1,0,-0.031154632568359375
Compound Attack,2,1,-0.22407907247543335
Compound Attack,3,1,0.3513680100440979
Compound Attack,4,1,0.10813438892364502
Compound Attack,5,1,-0.15029847621917725
Compound Attack,6,1,0.028814852237701416
Compound Attack,7,0,-0.05754035711288452
Compound Attack,8,1,0.08094286918640137
Compound Attack,9,1,0.34389591217041016
Compound Attack,10,1,0.30323296785354614
Compound Attack,11,0,-0.0696413516998291
Compound Attack,12,0,0.3787466883659363
Compound Attack,13,0,0.14331406354904175
Compound Attack,14,0,0.44672006368637085
Compound Attack,15,0,-0.05332750082015991
Compound Attack,16,0,-0.021497726440429688
Compound Attack,17,0,-0.30636197328567505
Compound Attack,18,0,0.23870623111724854
Compound Attack,19,0,0.021347641944885254
Compound Attack,20,0,-0.013740599155426025
Compound Attack,21,1,-0.015139341354370117
Compound Attack,22,0,0.2555997371673584
Compound Attack,23,0,-0.1678043007850647
Compound Attack,24,0,-0.04234647750854492
Compound Attack,25,1,-0.3805927038192749
Compound Attack,26,1,0.0586780309677124
Compound Attack,27,1,0.4657135605812073
Compound Attack,28,0,0.02351599931716919
Compound Attack,29,1,0.28824543952941895
Compound Attack,30,0,0.020882785320281982
Compound Attack,31,0,-0.28559499979019165
Compound Attack,32,0,-0.2323426604270935
Compound Attack,33,0,0.007626175880432129
Compound Attack,34,1,0.24526923894882202
Compound Attack,35,1,-0.047526538372039795
Compound Attack,36,1,-0.014796555042266846
Compound Attack,37,0,-0.2650677561759949
Compound Attack,38,1,0.2590963840484619
Compound Attack,39,0,-0.289884090423584
Compound Attack,40,1,0.2160298228263855
Compound Attack,41,1,0.3834543228149414
Compound Attack,42,1,0.10326170921325684
Compound Attack,43,1,-0.007407128810882568
Compound Attack,44,0,-0.09020578861236572
Compound Attack,45,0,0.1018708348274231
Compound Attack,46,0,-0.46009308099746704
Compound Attack,47,0,-0.0329473614692688
Compound Attack,48,1,0.34169596433639526
Compound Attack,49,0,0.0019440054893493652
Compound Attack,50,1,-0.46377015113830566
Compound Attack,51,0,-0.3491438627243042
Compound Attack,52,0,-0.020530521869659424
Compound Attack,53,0,0.057742953300476074
Compound Attack,54,1,-0.09597766399383545
Compound Attack,55,1,-0.02519160509109497
Compound Attack,56,1,0.2808232307434082
Compound Attack,57,0,0.06942170858383179
Compound Attack,58,1,0.07933604717254639
Compound Attack,59,0,8.416175842285156e-05
Compound Attack,60,0,-0.04709416627883911
Compound Attack,61,1,-0.33152633905410767
Compound Attack,62,0,-0.17213881015777588
Compound Attack,63,0,-0.0032494068145751953
Compound Attack,64,1,-0.0015103816986083984
Compound Attack,65,1,0.16536718606948853
Compound Attack,66,1,-0.11858963966369629
Compound Attack,67,1,-0.47824931144714355
Compound Attack,68,0,0.11876702308654785
Compound Attack,69,0,0.4136929512023926
Compound Attack,70,0,0.0048416852951049805
Compound Attack,71,0,-0.4030908942222595
Compound Attack,72,0,-0.03464853763580322
Compound Attack,73,1,0.15553581714630127
Compound Attack,74,1,0.028076767921447754
Compound Attack,75,0,-0.1672188639640808
Compound Attack,76,1,-0.005084991455078125
Compound Attack,77,0,-0.002399444580078125
Compound Attack,78,0,0.003712475299835205
Compound Attack,79,1,-0.12574666738510132
Compound Attack,80,1,-0.11095070838928223
Compound Attack,81,0,0.10442709922790527
Compound Attack,82,0,-0.4429519772529602
Compound Attack,83,1,-0.1350921392440796
Compound Attack,84,1,0.23707878589630127
Compound Attack,85,1,-0.1661425232887268
Compound Attack,86,0,0.02676290273666382
Compound Attack,87,1,-0.07070350646972656
Compound Attack,88,1,0.263873815536499
Compound Attack,89,1,-0.2091503143310547
Compound Attack,90,0,-0.06207770109176636
Compound Attack,91,0,-0.4552200436592102
Compound Attack,92,0,-0.250049352645874
Compound Attack,93,1,-0.1676027774810791
Compound Attack,94,0,-0.06748056411743164
Compound Attack,95,0,0.19147610664367676
Compound Attack,96,0,-0.14764529466629028
Compound Attack,97,0,0.006730616092681885
Compound Attack,98,1,-0.07998692989349365
Compound Attack,99,1,0.3060653805732727
Compound Attack,100,0,-0.05779379606246948
Compound Attack,101,0,-0.17811501026153564
Compound Attack,102,0,-0.061439335346221924
Compound Attack,103,1,-0.3082689642906189
Compound Attack,104,1,0.0656699538230896
Compound Attack,105,1,-0.15053248405456543
Compound Attack,106,1,-0.2756271958351135
Compound Attack,107,0,-1.0669231414794922e-05
Compound Attack,108,1,0.09170830249786377
Compound Attack,109,1,0.15573370456695557
Compound Attack,110,0,-0.04469144344329834
Compound Attack,111,1,-0.17573755979537964
Compound Attack,112,1,-0.3841826319694519
Compound Attack,113,1,-0.05910634994506836
Compound Attack,114,1,0.22577035427093506
Compound Attack,115,0,-0.47552770376205444
Compound Attack,116,0,0.0005234479904174805
Compound Attack,117,0,-0.10866940021514893
Compound Attack,118,1,-0.030015528202056885
Compound Attack,119,0,-0.013119280338287354
Compound Attack,120,0,-0.15962541103363037
Compound Attack,121,1,0.31415826082229614
Compound Attack,122,1,-0.22658729553222656
Compound Attack,123,0,-0.4468391537666321
Compound Attack,124,0,0.2869666814804077
Compound Attack,125,1,-0.14323550462722778
Compound Attack,126,0,0.22572404146194458
Compound Attack,127,1,0.0158156156539917
Compound Attack,128,0,-0.0038463473320007324
Compound Attack,129,1,0.03768521547317505
Compound Attack,130,0,-0.015170276165008545
Compound Attack,131,0,0.46220266819000244
Compound Attack,132,0,-0.3845829963684082
Compound Attack,133,1,0.04504728317260742
Compound Attack,134,0,0.0063263773918151855
Compound Attack,135,0,-0.002785980701446533
Compound Attack,136,1,-0.021892011165618896
Compound Attack,137,1,-0.15583324432373047
Compound Attack,138,0,0.002939283847808838
Compound Attack,139,0,-0.03395146131515503
Compound Attack,140,0,-0.0005454421043395996
Compound Attack,141,0,0.4738932251930237
Compound Attack,142,0,-0.025813758373260498
Compound Attack,143,0,-0.08366221189498901
Compound Attack,144,0,0.2915741801261902
Compound Attack,145,1,-0.37170279026031494
Compound Attack,146,0,-0.2894258499145508
Compound Attack,147,1,-0.26202094554901123
Compound Attack,148,0,-0.01928478479385376
Compound Attack,149,0,0.05602985620498657
Compound Attack,150,0,0.29345738887786865
Compound Attack,151,0,-0.006801426410675049
Compound Attack,152,1,-0.4234747290611267
Compound Attack,153,0,-0.03665292263031006
Compound Attack,154,0,-0.0027779340744018555
Compound Attack,155,1,-0.14745545387268066
Compound Attack,156,0,-0.42098468542099
Compound Attack,157,1,0.21427106857299805
Compound Attack,158,0,-0.1573859453201294
Compound Attack,159,1,-0.20238786935806274
Compound Attack,160,0,-0.15643972158432007
Compound Attack,161,0,-0.008386850357055664
Compound Attack,162,0,0.3040366768836975
Compound Attack,163,1,-0.00012373924255371094
Compound Attack,164,0,0.0077942609786987305
Compound Attack,165,1,-0.1525135636329651
Compound Attack,166,0,-0.002748727798461914
Compound Attack,167,0,-0.3012433648109436
Compound Attack,168,0,0.02774953842163086
Compound Attack,169,0,-0.2230936884880066
Compound Attack,170,0,-0.1098204255104065
Compound Attack,171,1,-0.3119547367095947
Compound Attack,172,0,-1.3589859008789062e-05
Compound Attack,173,1,0.029106318950653076
Compound Attack,174,0,0.3712332248687744
Compound Attack,175,1,0.12649869918823242
Compound Attack,176,0,-0.4255775809288025
Compound Attack,177,1,0.051220595836639404
Compound Attack,178,0,0.4436625838279724
Compound Attack,179,1,-0.4731990098953247
Compound Attack,180,1,-0.21429187059402466
Compound Attack,181,1,0.27111566066741943
Compound Attack,182,0,-0.0381617546081543
Compound Attack,183,0,0.014501810073852539
Compound Attack,184,1,-0.32155632972717285
Compound Attack,185,1,0.032453060150146484
Compound Attack,186,0,-0.37119632959365845
Compound Attack,187,1,0.42113399505615234
Compound Attack,188,1,0.037596821784973145
Compound Attack,189,0,-0.45938390493392944
Compound Attack,190,1,0.2996712327003479
Compound Attack,191,1,0.3904615044593811
Compound Attack,192,0,0.12258422374725342
Compound Attack,193,1,0.004558384418487549
Compound Attack,194,0,0.3053479790687561
Compound Attack,195,1,-0.2722349762916565
Compound Attack,196,0,-0.0039653778076171875
Compound Attack,197,0,-0.43482357263565063
Compound Attack,198,0,0.19101309776306152
Compound Attack,199,0,-0.13111835718154907
Compound Attack,200,0,-0.4238935708999634
Compound Attack,201,0,0.12765604257583618
Compound Attack,202,0,0.0002409219741821289
Compound Attack,203,1,-0.16056513786315918
Compound Attack,204,1,-0.07374608516693115
Compound Attack,205,0,-0.031945645809173584
Compound Attack,206,1,-0.13812339305877686
Compound Attack,207,1,-0.1907259225845337
Compound Attack,208,1,0.2978273630142212
Compound Attack,209,1,0.008909523487091064
Compound Attack,210,0,-0.022755444049835205
Compound Attack,211,1,0.1302434802055359
Compound Attack,212,0,-0.35689008235931396
Compound Attack,213,0,-0.08384346961975098
Compound Attack,214,1,0.4553443193435669
Compound Attack,215,0,-0.2007797360420227
Compound Attack,216,0,-0.07298421859741211
Compound Attack,217,0,-0.45783549547195435
Compound Attack,218,0,-0.08572971820831299
Compound Attack,219,1,-0.08553546667098999
Compound Attack,220,0,-0.0007675886154174805
Compound Attack,221,0,0.046047985553741455
Compound Attack,222,1,-0.03186231851577759
Compound Attack,223,1,0.07835429906845093
Compound Attack,224,1,0.06781136989593506
Compound Attack,225,0,0.0943906307220459
Compound Attack,226,1,0.4257776141166687
Compound Attack,227,0,-0.00020366907119750977
Compound Attack,228,0,0.016965627670288086
Compound Attack,229,1,0.3040226101875305
Compound Attack,230,1,-0.11414515972137451
Compound Attack,231,0,-0.0011505484580993652
Compound Attack,232,1,-0.22653871774673462
Compound Attack,233,1,-0.17342150211334229
Compound Attack,234,1,-0.10197681188583374
Compound Attack,235,1,-0.050820231437683105
Compound Attack,236,0,0.010445117950439453
Compound Attack,237,1,-0.0341111421585083
Compound Attack,238,0,-0.2507804036140442
Compound Attack,239,0,0.005617260932922363
Compound Attack,240,1,-0.005222439765930176
Compound Attack,241,1,-0.4470825791358948
Compound Attack,242,0,0.0039250850677490234
Compound Attack,243,1,-0.4048311710357666
Compound Attack,244,1,-0.45868784189224243
Compound Attack,245,1,-0.06203138828277588
Compound Attack,246,0,0.2716158628463745
Compound Attack,247,1,-0.014146983623504639
Compound Attack,248,0,-0.05456185340881348
Compound Attack,249,1,0.09980809688568115
Compound Attack,250,1,-0.19446802139282227
Compound Attack,251,0,-0.02914494276046753
Compound Attack,252,1,-0.3205797076225281
Compound Attack,253,0,0.4504415988922119
Compound Attack,254,0,-0.01354992389678955
Compound Attack,255,0,-0.15445083379745483
Compound Attack,256,0,-0.06461268663406372
Compound Attack,257,0,-0.06435751914978027
Compound Attack,258,0,0.0709194540977478
Compound Attack,259,0,-0.03909122943878174
Compound Attack,260,0,0.024990200996398926
Compound Attack,261,0,-0.08527857065200806
Compound Attack,262,1,0.3170158863067627
Compound Attack,263,0,0.031708598136901855
Compound Attack,264,1,-0.021022439002990723
Compound Attack,265,1,-0.020053982734680176
Compound Attack,266,0,-0.13097751140594482
Compound Attack,267,1,-0.009141087532043457
Compound Attack,268,0,-0.167974054813385
Compound Attack,269,0,-0.015517711639404297
Compound Attack,270,0,0.018071115016937256
Compound Attack,271,1,0.2880256772041321
Compound Attack,272,0,-0.003526031970977783
Compound Attack,273,0,-0.27379584312438965
Compound Attack,274,1,-0.4199269413948059
Compound Attack,275,1,-0.16495633125305176
Compound Attack,276,0,0.046283721923828125
Compound Attack,277,0,-0.1706777811050415
Compound Attack,278,0,0.3071187734603882
Compound Attack,279,1,0.05673283338546753
Compound Attack,280,0,-0.18331289291381836
Compound Attack,281,1,-0.21705681085586548
Compound Attack,282,0,0.4736540913581848
Compound Attack,283,1,-0.3144901990890503
Compound Attack,284,1,-0.25116920471191406
Compound Attack,285,1,-0.005780339241027832
Compound Attack,286,0,-0.15175867080688477
Compound Attack,287,0,-0.032862186431884766
Compound Attack,288,0,-0.0016870498657226562
Compound Attack,289,0,-0.16962271928787231
Compound Attack,290,0,-0.0008421540260314941
Compound Attack,291,1,0.06647056341171265
Compound Attack,292,1,-0.25171959400177
Compound Attack,293,1,-0.20496559143066406
Compound Attack,294,1,0.046106159687042236
Compound Attack,295,0,-0.4155638813972473
Compound Attack,296,1,0.009894907474517822
Compound Attack,297,0,-0.12070691585540771
Compound Attack,298,0,-0.27241504192352295
Compound Attack,299,1,0.26381778717041016
Compound Attack,300,0,0.0014595985412597656
Compound Attack,301,1,-0.22279852628707886
Compound Attack,302,1,-0.10960787534713745
Compound Attack,303,0,0.2973037362098694
Compound Attack,304,1,0.11505991220474243
Compound Attack,305,1,-0.4310247302055359
Compound Attack,306,0,-0.07525449991226196
Compound Attack,307,0,-0.41614508628845215
Compound Attack,308,1,-0.40434467792510986
Compound Attack,309,0,0.03633302450180054
Compound Attack,310,1,0.04089462757110596
Compound Attack,311,1,-0.4191508889198303
Compound Attack,312,1,-0.09845554828643799
Compound Attack,313,0,0.03937321901321411
Compound Attack,314,0,-0.026295900344848633
Compound Attack,315,0,-0.24061840772628784
Compound Attack,316,1,0.010401010513305664
Compound Attack,317,0,0.0006865859031677246
Compound Attack,318,1,0.1599408984184265
Compound Attack,319,1,-0.10638010501861572
Compound Attack,320,1,0.09587109088897705
Compound Attack,321,0,0.26545053720474243
Compound Attack,322,0,-0.18456768989562988
Compound Attack,323,1,0.4334542751312256
Compound Attack,324,1,-0.10796469449996948
Compound Attack,325,0,-0.06834310293197632
Compound Attack,326,1,-0.09466707706451416
Compound Attack,327,0,-0.008991837501525879
Compound Attack,328,1,0.23431825637817383
Compound Attack,329,1,0.015580296516418457
Compound Attack,330,0,-0.4216897487640381
Compound Attack,331,1,-0.05295687913894653
Compound Attack,332,1,0.1741541624069214
Compound Attack,333,0,-0.4348536729812622
Compound Attack,334,0,-0.0709189772605896
Compound Attack,335,1,0.259019672870636
Compound Attack,336,0,0.005830049514770508
Compound Attack,337,0,-0.055921077728271484
Compound Attack,338,0,-0.025589406490325928
Compound Attack,339,0,-0.34120529890060425
Compound Attack,340,0,-0.23476237058639526
Compound Attack,341,1,-0.3473137617111206
Compound Attack,342,0,-0.32086920738220215
Compound Attack,343,1,0.05724930763244629
Compound Attack,344,1,-0.3819419741630554
Compound Attack,345,0,-0.2568691372871399
Compound Attack,346,1,0.06583011150360107
Compound Attack,347,0,-0.038274526596069336
Compound Attack,348,0,-0.3150309920310974
Compound Attack,349,0,0.40533363819122314
Compound Attack,350,0,-0.21286535263061523
Compound Attack,351,0,-5.823373794555664e-05
Compound Attack,352,1,-0.43273377418518066
Compound Attack,353,0,0.14139693975448608
Compound Attack,354,1,-0.44913768768310547
Compound Attack,355,1,0.2714881896972656
Compound Attack,356,1,0.0692031979560852
Compound Attack,357,1,0.4173782467842102
Compound Attack,358,0,-0.027159512042999268
Compound Attack,359,1,0.24651789665222168
Compound Attack,360,0,-0.09943258762359619
Compound Attack,361,1,-0.29224061965942383
Compound Attack,362,0,-0.050537168979644775
Compound Attack,363,1,-0.10183501243591309
Compound Attack,364,1,0.3721446394920349
Compound Attack,365,1,0.046991169452667236
Compound Attack,366,1,0.4279913306236267
Compound Attack,367,1,-0.08906012773513794
Compound Attack,368,0,0.07733809947967529
Compound Attack,369,1,0.05491673946380615
Compound Attack,370,1,-0.13143742084503174
Compound Attack,371,0,0.2499597668647766
Compound Attack,372,0,0.1577661633491516
Compound Attack,373,1,-0.03774094581604004
Compound Attack,374,1,-0.023334145545959473
Compound Attack,375,1,0.2249852418899536
Compound Attack,376,0,0.36139094829559326
Compound Attack,377,1,-0.18904995918273926
Compound Attack,378,1,-0.018812477588653564
Compound Attack,379,1,0.254378080368042
Compound Attack,380,1,-0.336864709854126
Compound Attack,381,0,0.0020354390144348145
Compound Attack,382,1,0.09824293851852417
Compound Attack,383,0,0.005863189697265625
Compound Attack,384,1,-0.0008926987648010254
Compound Attack,385,1,-0.47020041942596436
Compound Attack,386,0,-0.02771151065826416
Compound Attack,387,0,0.0014386773109436035
Compound Attack,388,0,-0.1973717212677002
Compound Attack,389,1,-0.024193763732910156
Compound Attack,390,1,-0.39343321323394775
Compound Attack,391,0,-0.21727436780929565
Compound Attack,392,1,-0.11775237321853638
Compound Attack,393,1,0.10965532064437866
Compound Attack,394,0,0.25207358598709106
Compound Attack,395,0,0.07210075855255127
Compound Attack,396,0,-0.20370423793792725
Compound Attack,397,1,-0.22630822658538818
Compound Attack,398,0,-0.40662020444869995
Compound Attack,399,1,-0.05294686555862427
Compound Attack,400,1,0.02486330270767212
Compound Attack,401,1,0.023098409175872803
Compound Attack,402,1,-0.08348047733306885
Compound Attack,403,0,-0.16367638111114502
Compound Attack,404,0,-0.2748144268989563
Compound Attack,405,0,-0.006193220615386963
Compound Attack,406,1,-0.28037500381469727
Compound Attack,407,1,0.04457372426986694
Compound Attack,408,1,0.27904248237609863
Compound Attack,409,0,-0.06381642818450928
Compound Attack,410,0,-0.16342675685882568
Compound Attack,411,0,-0.08006417751312256
Compound Attack,412,0,-0.10586071014404297
Compound Attack,413,0,-0.13184887170791626
Compound Attack,414,1,0.4528868794441223
Compound Attack,415,0,-0.3426051735877991
Compound Attack,416,1,-0.23950839042663574
Compound Attack,417,1,-0.23875612020492554
Compound Attack,418,0,-0.008105933666229248
Compound Attack,419,1,0.3968716263771057
Compound Attack,420,1,-0.2280339002609253
Compound Attack,421,1,-0.4371423125267029
Compound Attack,422,1,-0.14872223138809204
Compound Attack,423,1,0.052750587463378906
Compound Attack,424,1,-0.009624779224395752
Compound Attack,425,0,-0.2691833972930908
Compound Attack,426,0,-0.4496471881866455
Compound Attack,427,1,-0.014100730419158936
Compound Attack,428,0,0.05654573440551758
Compound Attack,429,0,-0.4511023163795471
Compound Attack,430,0,0.0866624116897583
Compound Attack,431,0,0.07897531986236572
Compound Attack,432,0,0.016765296459197998
Compound Attack,433,1,-0.3430975675582886
Compound Attack,434,0,0.02659618854522705
Compound Attack,435,0,-0.10493022203445435
Compound Attack,436,0,-0.253237783908844
Compound Attack,437,0,-0.01867884397506714
Compound Attack,438,0,0.002125978469848633
Compound Attack,439,0,0.3867257833480835
Compound Attack,440,1,0.17810511589050293
Compound Attack,441,1,0.06129580736160278
Compound Attack,442,1,-0.19176727533340454
Compound Attack,443,0,-0.16777557134628296
Compound Attack,444,1,0.45332103967666626
Compound Attack,445,1,-0.014229655265808105
Compound Attack,446,0,-0.04492378234863281
Compound Attack,447,0,-0.05334120988845825
Compound Attack,448,1,0.02974647283554077
Compound Attack,449,1,-0.1366124153137207
Compound Attack,450,0,-0.015170872211456299
Compound Attack,451,1,0.0315781831741333
Compound Attack,452,1,0.10000365972518921
Compound Attack,453,1,0.10199177265167236
Compound Attack,454,1,-0.3024113178253174
Compound Attack,455,1,-0.0031648874282836914
Compound Attack,456,1,0.20422250032424927
Compound Attack,457,0,-0.00638347864151001
Compound Attack,458,1,0.07871180772781372
Compound Attack,459,0,-0.013759195804595947
Compound Attack,460,1,-0.018528759479522705
Compound Attack,461,0,0.10113680362701416
Compound Attack,462,1,-0.06326097249984741
Compound Attack,463,1,-0.03200322389602661
Compound Attack,464,0,0.000919044017791748
Compound Attack,465,0,-0.09541463851928711
Compound Attack,466,0,-0.03412145376205444
Compound Attack,467,0,0.14224773645401
Compound Attack,468,1,-0.2691960334777832
Compound Attack,469,1,-0.02734541893005371
Compound Attack,470,1,0.08989369869232178
Compound Attack,471,1,-0.37482893466949463
Compound Attack,472,1,-0.09454917907714844
Compound Attack,473,0,0.007890641689300537
Compound Attack,474,1,0.1212581992149353
Compound Attack,475,0,-0.425947904586792
Compound Attack,476,1,0.06736612319946289
Compound Attack,477,1,-0.08563953638076782
Compound Attack,478,0,0.2874354124069214
Compound Attack,479,1,0.22860145568847656
Compound Attack,480,0,0.10930454730987549
Compound Attack,481,0,-0.4138360023498535
Compound Attack,482,1,-0.030906856060028076
Compound Attack,483,1,-0.36006563901901245
Compound Attack,484,1,-0.2470928430557251
Compound Attack,485,1,0.0156288743019104
Compound Attack,486,1,0.04089254140853882
Compound Attack,487,1,-0.38882941007614136
Compound Attack,488,1,0.4422670602798462
Compound Attack,489,1,0.10314249992370605
Compound Attack,490,1,-0.09363782405853271
Compound Attack,491,1,-0.15459132194519043
Compound Attack,492,0,-0.0018900036811828613
Compound Attack,493,0,0.26043087244033813
Compound Attack,494,0,0.010437309741973877
Compound Attack,495,0,0.13877850770950317
Compound Attack,496,0,-0.37535369396209717
Compound Attack,497,0,-0.001096487045288086
Compound Attack,498,1,0.23755311965942383
Compound Attack,499,1,0.054461002349853516
Compound Attack,500,1,0.011945605278015137
Compound Attack,501,1,-0.18579548597335815
Compound Attack,502,0,-0.28156304359436035
Compound Attack,503,1,0.24306762218475342
Compound Attack,504,0,-0.0428885817527771
Compound Attack,505,0,-0.21549373865127563
Compound Attack,506,0,0.0961998701095581
Compound Attack,507,0,0.30955398082733154
Compound Attack,508,1,-0.12654376029968262
Compound Attack,509,1,-0.1528313159942627
Compound Attack,510,0,-0.31192487478256226
Compound Attack,511,0,-0.060194194316864014
Compound Attack,512,1,-0.009402096271514893
Compound Attack,513,1,-0.06215536594390869
Compound Attack,514,0,-0.001543283462524414
Compound Attack,515,0,0.0005862712860107422
Compound Attack,516,0,-0.2710891366004944
Compound Attack,517,1,0.04365348815917969
Compound Attack,518,1,-0.05379140377044678
Compound Attack,519,0,-0.09605610370635986
Compound Attack,520,0,0.058351218700408936
Compound Attack,521,1,0.1033773422241211
Compound Attack,522,0,-0.08782893419265747
Compound Attack,523,0,-0.04693305492401123
Compound Attack,524,0,0.43471890687942505
Compound Attack,525,0,-0.14969408512115479
Compound Attack,526,1,-0.20498061180114746
Compound Attack,527,1,-0.12117952108383179
Compound Attack,528,1,-0.003859877586364746
Compound Attack,529,0,0.4554879665374756
Compound Attack,530,1,0.08545923233032227
Compound Attack,531,0,0.3720437288284302
Compound Attack,532,1,0.10832208395004272
Compound Attack,533,0,0.006341159343719482
Compound Attack,534,0,-0.4402483105659485
Compound Attack,535,1,-0.03970134258270264
Compound Attack,536,1,0.03349876403808594
Compound Attack,537,1,-0.06534242630004883
Compound Attack,538,0,-0.07395637035369873
Compound Attack,539,1,0.19676560163497925
Compound Attack,540,0,-0.010717272758483887
Compound Attack,541,1,-0.1298794150352478
Compound Attack,542,1,-0.3863139748573303
Compound Attack,543,0,0.028563082218170166
Compound Attack,544,1,0.20316392183303833
Compound Attack,545,1,-0.29688572883605957
Compound Attack,546,0,-0.1253466010093689
Compound Attack,547,0,0.0012722015380859375
Compound Attack,548,1,0.12790143489837646
Compound Attack,549,0,0.020804405212402344
Compound Attack,550,1,0.03244650363922119
Compound Attack,551,0,-0.14080089330673218
Compound Attack,552,1,-0.040072858333587646
Compound Attack,553,1,0.1548418402671814
Compound Attack,554,0,0.0067247748374938965
Compound Attack,555,0,0.2285141944885254
Compound Attack,556,0,0.15661126375198364
Compound Attack,557,0,-0.2888737916946411
Compound Attack,558,1,-0.3318796157836914
Compound Attack,559,0,-0.07912343740463257
Compound Attack,560,0,-0.16967296600341797
Compound Attack,561,1,-0.27996307611465454
Compound Attack,562,0,-0.33875608444213867
Compound Attack,563,1,-0.006507575511932373
Compound Attack,564,1,-0.3801230192184448
Compound Attack,565,0,-0.005868434906005859
Compound Attack,566,1,0.26779794692993164
Compound Attack,567,1,0.11270415782928467
Compound Attack,568,0,-0.3067927956581116
Compound Attack,569,1,-0.02397620677947998
Compound Attack,570,0,0.022307097911834717
Compound Attack,571,1,-0.14232438802719116
Compound Attack,572,1,0.31006085872650146
Compound Attack,573,1,-0.3927973508834839
Compound Attack,574,1,-0.1932981014251709
Compound Attack,575,0,-0.47734516859054565
Compound Attack,576,0,-0.15751373767852783
Compound Attack,577,1,0.2703588604927063
Compound Attack,578,1,0.21284449100494385
Compound Attack,579,0,0.02772045135498047
Compound Attack,580,1,-0.16471004486083984
Compound Attack,581,1,0.17221468687057495
Compound Attack,582,0,-0.00540471076965332
Compound Attack,583,1,-0.23996394872665405
Compound Attack,584,1,-0.025760114192962646
Compound Attack,585,0,0.22524553537368774
Compound Attack,586,1,-0.331170916557312
Compound Attack,587,1,-0.05266159772872925
Compound Attack,588,0,-0.4233357906341553
Compound Attack,589,0,-0.15868622064590454
Compound Attack,590,1,-0.44429463148117065
Compound Attack,591,1,-0.26131540536880493
Compound Attack,592,1,-0.28724056482315063
Compound Attack,593,1,0.37728768587112427
Compound Attack,594,0,-0.2065112590789795
Compound Attack,595,0,-0.11105787754058838
Compound Attack,596,1,0.18949031829833984
Compound Attack,597,0,0.26897919178009033
Compound Attack,598,0,-0.21855348348617554
Compound Attack,599,0,9.709596633911133e-05
